filename,label
X10001.npy,0
X10004.npy,0
X10008.npy,0
X1001.npy,0
X10011.npy,0
X10017.npy,0
X10019.npy,0
X1002.npy,0
X10020.npy,0
X10021.npy,0
X1003.npy,0
X10033.npy,0
X10034.npy,0
X10036.npy,0
X10038.npy,0
X1004.npy,0
X10040.npy,0
X10041.npy,0
X10044.npy,0
X10046.npy,0
X10047.npy,0
X1005.npy,0
X1006.npy,0
X1007.npy,0
X1008.npy,0
X1009.npy,0
X1010.npy,0
X1011.npy,0
X1012.npy,0
X1013.npy,0
X1014.npy,0
X1015.npy,0
X1016.npy,0
X1017.npy,0
X1018.npy,0
X1019.npy,0
X1020.npy,0
X1021.npy,0
X1022.npy,0
X1023.npy,0
X1025.npy,0
X1026.npy,0
X1027.npy,0
X1028.npy,0
X1029.npy,0
X1030.npy,0
X1031.npy,0
X1032.npy,0
X1033.npy,0
X1034.npy,0
X1035.npy,0
X1036.npy,0
X1037.npy,0
X1039.npy,0
X1040.npy,0
X1041.npy,0
X1042.npy,0
X1043.npy,0
X1044.npy,0
X1045.npy,0
X1046.npy,0
X1047.npy,0
X1048.npy,0
X1049.npy,0
X1050.npy,0
X1051.npy,0
X1052.npy,0
X1053.npy,0
X1054.npy,0
X1055.npy,0
X1056.npy,0
X1057.npy,0
X1058.npy,0
X1059.npy,0
X1060.npy,0
X1061.npy,0
X1062.npy,0
X1063.npy,0
X1064.npy,0
X1065.npy,0
X1066.npy,0
X1067.npy,0
X1068.npy,0
X1069.npy,0
X1070.npy,0
X1071.npy,0
X1072.npy,0
X1074.npy,0
X1075.npy,0
X1076.npy,0
X1077.npy,0
X1078.npy,0
X1079.npy,0
X1080.npy,0
X1081.npy,0
X1082.npy,0
X1083.npy,0
X1085.npy,0
X1086.npy,0
X1087.npy,0
X1088.npy,0
X1090.npy,0
X1091.npy,0
X1092.npy,0
X1093.npy,0
X1095.npy,0
X1096.npy,0
X11002.npy,0
X11005.npy,0
X11006.npy,0
X11007.npy,0
X11008.npy,0
X11009.npy,0
X11010.npy,0
X11011.npy,0
X11012.npy,0
X11013.npy,0
X11014.npy,0
X11015.npy,0
X11016.npy,0
X11017.npy,0
X11018.npy,0
X11019.npy,0
X11020.npy,0
X11021.npy,0
X11022.npy,0
X11024.npy,0
X11025.npy,0
X11026.npy,0
X11027.npy,0
X11028.npy,0
X11029.npy,0
X11030.npy,0
X11031.npy,0
X11032.npy,0
X11033.npy,0
X11034.npy,0
X11035.npy,0
X11036.npy,0
X11037.npy,0
X11038.npy,0
X11039.npy,0
X11040.npy,0
X11042.npy,0
X11043.npy,0
X11044.npy,0
X11045.npy,0
X11046.npy,0
X11047.npy,0
X11048.npy,0
X11049.npy,0
X11050.npy,0
X11051.npy,0
X11052.npy,0
X11053.npy,0
X11054.npy,0
X11055.npy,0
X11056.npy,0
X11057.npy,0
X11058.npy,0
X11061.npy,0
X11062.npy,0
X11063.npy,0
X11064.npy,0
X11065.npy,0
X11066.npy,0
X11067.npy,0
X11068.npy,0
X11069.npy,0
X11070.npy,0
X11071.npy,0
X11073.npy,0
X11075.npy,0
X11076.npy,0
X11077.npy,0
X11078.npy,0
X11079.npy,0
X11080.npy,0
X11081.npy,0
X11082.npy,0
X11083.npy,0
X11084.npy,0
X11085.npy,0
X11086.npy,0
X11087.npy,0
X11089.npy,0
X11090.npy,0
X11092.npy,0
X11093.npy,0
X11094.npy,0
X11095.npy,0
X11096.npy,0
X2001.npy,0
X2002.npy,0
X2003.npy,0
X2005.npy,0
X2006.npy,0
X2007.npy,0
X2008.npy,0
X2009.npy,0
X2010.npy,0
X2011.npy,0
X2012.npy,0
X2013.npy,0
X2014.npy,0
X2017.npy,0
X2018.npy,0
X2019.npy,0
X2020.npy,0
X2021.npy,0
X2022.npy,0
X2023.npy,0
X2024.npy,0
X2025.npy,0
X2026.npy,0
X2027.npy,0
X2028.npy,0
X2029.npy,0
X2030.npy,0
X2031.npy,0
X2032.npy,0
X2033.npy,0
X2034.npy,0
X2035.npy,0
X2036.npy,0
X2038.npy,0
X2039.npy,0
X2040.npy,0
X2041.npy,0
X2042.npy,0
X2043.npy,0
X2044.npy,0
X2045.npy,0
X2046.npy,0
X2047.npy,0
X2048.npy,0
X2049.npy,0
X2050.npy,0
X2051.npy,0
X2052.npy,0
X2053.npy,0
X2054.npy,0
X2055.npy,0
X2056.npy,0
X2058.npy,0
X2059.npy,0
X2060.npy,0
X2063.npy,0
X2064.npy,0
X2065.npy,0
X2066.npy,0
X2068.npy,0
X2069.npy,0
X2070.npy,0
X2071.npy,0
X2072.npy,0
X2074.npy,0
X2075.npy,0
X2076.npy,0
X2077.npy,0
X2078.npy,0
X2079.npy,0
X2080.npy,0
X2081.npy,0
X2082.npy,0
X2084.npy,0
X2085.npy,0
X2086.npy,0
X2089.npy,0
X2090.npy,0
X2091.npy,0
X2092.npy,0
X2093.npy,0
X2094.npy,0
X2095.npy,0
X2096.npy,0
X3012.npy,0
X3013.npy,0
X3014.npy,0
X3015.npy,0
X3016.npy,0
X3017.npy,0
X3021.npy,0
X3022.npy,0
X3023.npy,0
X3024.npy,0
X3025.npy,0
X3026.npy,0
X3027.npy,0
X3028.npy,0
X3031.npy,0
X3032.npy,0
X3033.npy,0
X3034.npy,0
X3035.npy,0
X3036.npy,0
X3037.npy,0
X3038.npy,0
X3040.npy,0
X3041.npy,0
X3043.npy,0
X3046.npy,0
X3047.npy,0
X3049.npy,0
X3050.npy,0
X3051.npy,0
X3052.npy,0
X3053.npy,0
X3056.npy,0
X3058.npy,0
X3059.npy,0
X3060.npy,0
X3061.npy,0
X3062.npy,0
X3063.npy,0
X3064.npy,0
X3065.npy,0
X3066.npy,0
X3067.npy,0
X3068.npy,0
X3069.npy,0
X3070.npy,0
X3071.npy,0
X3072.npy,0
X3073.npy,0
X3074.npy,0
X3075.npy,0
X3077.npy,0
X3078.npy,0
X3079.npy,0
X3080.npy,0
X3082.npy,0
X3083.npy,0
X3084.npy,0
X3085.npy,0
X3086.npy,0
X3087.npy,0
X3088.npy,0
X3089.npy,0
X3090.npy,0
X3091.npy,0
X3092.npy,0
X3093.npy,0
X3094.npy,0
X3096.npy,0
X5001.npy,0
X5002.npy,0
X5004.npy,0
X5005.npy,0
X5006.npy,0
X5007.npy,0
X5008.npy,0
X5009.npy,0
X5010.npy,0
X5011.npy,0
X5012.npy,0
X5013.npy,0
X5014.npy,0
X5015.npy,0
X5016.npy,0
X5017.npy,0
X5018.npy,0
X5019.npy,0
X5020.npy,0
X5021.npy,0
X5022.npy,0
X5023.npy,0
X5024.npy,0
X5025.npy,0
X5026.npy,0
X5027.npy,0
X5028.npy,0
X5029.npy,0
X5030.npy,0
X5032.npy,0
X5033.npy,0
X5034.npy,0
X5035.npy,0
X5036.npy,0
X5037.npy,0
X5038.npy,0
X5039.npy,0
X5040.npy,0
X5041.npy,0
X5042.npy,0
X5043.npy,0
X5044.npy,0
X5045.npy,0
X5046.npy,0
X5047.npy,0
X5048.npy,0
X5050.npy,0
X5051.npy,0
X5052.npy,0
X5053.npy,0
X5054.npy,0
X5055.npy,0
X5056.npy,0
X5057.npy,0
X5058.npy,0
X5059.npy,0
X5060.npy,0
X5061.npy,0
X5062.npy,0
X5063.npy,0
X5064.npy,0
X5065.npy,0
X5066.npy,0
X5067.npy,0
X5068.npy,0
X5069.npy,0
X5071.npy,0
X5072.npy,0
X5074.npy,0
X5075.npy,0
X5076.npy,0
X5077.npy,0
X5078.npy,0
X5080.npy,0
X5081.npy,0
X5082.npy,0
X5083.npy,0
X5084.npy,0
X5085.npy,0
X5086.npy,0
X5087.npy,0
X5088.npy,0
X5089.npy,0
X5090.npy,0
X5091.npy,0
X5092.npy,0
X5093.npy,0
X5094.npy,0
X5095.npy,0
X5096.npy,0
X6001.npy,0
X6003.npy,0
X6004.npy,0
X6005.npy,0
X6006.npy,0
X6007.npy,0
X6008.npy,0
X6009.npy,0
X6011.npy,0
X6013.npy,0
X6014.npy,0
X6015.npy,0
X6016.npy,0
X6018.npy,0
X6019.npy,0
X6020.npy,0
X6021.npy,0
X6022.npy,0
X6023.npy,0
X6024.npy,0
X6025.npy,0
X6026.npy,0
X6027.npy,0
X6028.npy,0
X6029.npy,0
X6030.npy,0
X6031.npy,0
X6032.npy,0
X6033.npy,0
X6034.npy,0
X6035.npy,0
X6036.npy,0
X6037.npy,0
X6038.npy,0
X6039.npy,0
X6040.npy,0
X6041.npy,0
X6042.npy,0
X6043.npy,0
X6044.npy,0
X6045.npy,0
X6046.npy,0
X6047.npy,0
X6048.npy,0
X6049.npy,0
X6050.npy,0
X6051.npy,0
X6052.npy,0
X6053.npy,0
X6054.npy,0
X6055.npy,0
X6056.npy,0
X6057.npy,0
X6058.npy,0
X6059.npy,0
X6060.npy,0
X6061.npy,0
X6062.npy,0
X6063.npy,0
X6064.npy,0
X6065.npy,0
X6066.npy,0
X6067.npy,0
X6068.npy,0
X6069.npy,0
X6070.npy,0
X6071.npy,0
X6072.npy,0
X6073.npy,0
X6074.npy,0
X6075.npy,0
X6076.npy,0
X6077.npy,0
X6078.npy,0
X6079.npy,0
X6080.npy,0
X6081.npy,0
X6082.npy,0
X6083.npy,0
X6084.npy,0
X6085.npy,0
X6086.npy,0
X6087.npy,0
X6088.npy,0
X6089.npy,0
X6090.npy,0
X6091.npy,0
X6092.npy,0
X6093.npy,0
X6094.npy,0
X6095.npy,0
X6096.npy,0
X8001.npy,0
X8002.npy,0
X8003.npy,0
X8004.npy,0
X8007.npy,0
X8008.npy,0
X8009.npy,0
X8010.npy,0
X8012.npy,0
X8013.npy,0
X8014.npy,0
X8015.npy,0
X8016.npy,0
X8017.npy,0
X8018.npy,0
X8019.npy,0
X8020.npy,0
X8021.npy,0
X8022.npy,0
X8023.npy,0
X8024.npy,0
X8025.npy,0
X8026.npy,0
X8027.npy,0
X8028.npy,0
X8029.npy,0
X8031.npy,0
X8032.npy,0
X8033.npy,0
X8034.npy,0
X8035.npy,0
X8036.npy,0
X8037.npy,0
X8038.npy,0
X8039.npy,0
X8040.npy,0
X8041.npy,0
X8043.npy,0
X8044.npy,0
X8045.npy,0
X8046.npy,0
X8047.npy,0
X8049.npy,0
X8050.npy,0
X8051.npy,0
X8053.npy,0
X8054.npy,0
X8055.npy,0
X8056.npy,0
X8057.npy,0
X8059.npy,0
X8060.npy,0
X8061.npy,0
X8062.npy,0
X8063.npy,0
X8064.npy,0
X8065.npy,0
X8066.npy,0
X8067.npy,0
X8068.npy,0
X8069.npy,0
X8070.npy,0
X8071.npy,0
X8072.npy,0
X8076.npy,0
X8077.npy,0
X8078.npy,0
X8080.npy,0
X8081.npy,0
X8082.npy,0
X8083.npy,0
X8084.npy,0
X8085.npy,0
X8086.npy,0
X8087.npy,0
X8088.npy,0
X8089.npy,0
X8090.npy,0
X8092.npy,0
X8093.npy,0
X8094.npy,0
X9001.npy,0
X9002.npy,0
X9003.npy,0
X9004.npy,0
X9005.npy,0
X9006.npy,0
X9007.npy,0
X9009.npy,0
X9011.npy,0
X9012.npy,0
X9013.npy,0
X9014.npy,0
X9015.npy,0
X9018.npy,0
X9019.npy,0
X9020.npy,0
X9021.npy,0
X9022.npy,0
X9023.npy,0
X9024.npy,0
X9025.npy,0
X9026.npy,0
X9027.npy,0
X9028.npy,0
X9030.npy,0
X9031.npy,0
X9032.npy,0
X9033.npy,0
X9034.npy,0
X9035.npy,0
X9036.npy,0
X9037.npy,0
X9039.npy,0
X9040.npy,0
X9041.npy,0
X9042.npy,0
X9043.npy,0
X9044.npy,0
X9045.npy,0
X9048.npy,0
X9058.npy,0
X9084.npy,0
X9085.npy,0
X9086.npy,0
X9087.npy,0
X9089.npy,0
X9090.npy,0
X9091.npy,0
002b2acb-0c9d-4475-aa21-9f46812b3d6c.methylation_array.sesame.level3betas.npy,1
00ac1bef-1474-4d34-97a0-1083f3a705a8.methylation_array.sesame.level3betas.npy,1
01ed2282-a148-47f4-b8ca-4c6b6dad2973.methylation_array.sesame.level3betas.npy,1
023fda04-970d-4324-97bc-117c6b5c591a.methylation_array.sesame.level3betas.npy,1
02fe56ef-25af-48b4-a0de-f511492b63e2.methylation_array.sesame.level3betas.npy,1
03cb3c09-96e4-4e0b-a5cf-0b8bd3448c7c.methylation_array.sesame.level3betas.npy,1
03e826d2-b488-466c-9144-55b1e2532ae8.methylation_array.sesame.level3betas.npy,1
0473ced5-ec50-4a15-8d6f-6ce62c2364ce.methylation_array.sesame.level3betas.npy,1
0489f5bb-8b64-483e-8724-e48e5e467445.methylation_array.sesame.level3betas.npy,1
05a58db0-dede-4344-8c5e-05d2df70b509.methylation_array.sesame.level3betas.npy,1
07b63b28-b6fe-41f8-9553-e5c7820805c9.methylation_array.sesame.level3betas.npy,1
0815fe8b-761d-4cc2-bc77-6d0e04b3c744.methylation_array.sesame.level3betas.npy,1
081d1808-e239-43ff-82b6-cfd62aeddce3.methylation_array.sesame.level3betas.npy,1
09cb404b-1e46-4fc4-9fe7-39fefb4320ec.methylation_array.sesame.level3betas.npy,1
0b69999f-da07-474f-9170-dfc71fd1d16b.methylation_array.sesame.level3betas.npy,1
0d7e27ed-443f-4803-9349-6acb53ccc344.methylation_array.sesame.level3betas.npy,1
0e0fa48a-4e5d-4cec-96bd-7cea587f7928.methylation_array.sesame.level3betas.npy,1
0e62b49f-0049-4356-bf46-9d803e5a6a02.methylation_array.sesame.level3betas.npy,1
0f2c658f-6042-401b-b42e-8f56224bcdf3.methylation_array.sesame.level3betas.npy,1
0fa632b8-6652-459e-9c04-e90998332fd9.methylation_array.sesame.level3betas.npy,1
0ffddf00-17a9-4d06-a57f-f370fcca86c6.methylation_array.sesame.level3betas.npy,1
10126ac2-f47b-4140-85d3-076880cd1b65.methylation_array.sesame.level3betas.npy,1
10e039d1-3d95-4082-bbdf-ca228d1ac12a.methylation_array.sesame.level3betas.npy,1
111a2acf-c89d-4550-ae35-033e1d6a4a53.methylation_array.sesame.level3betas.npy,1
115cd4f0-1d86-437e-9672-a2d8cfa08ae9.methylation_array.sesame.level3betas.npy,1
11d062ff-249c-41b8-a2c7-2245091d0442.methylation_array.sesame.level3betas.npy,1
11ec5061-f259-42b8-8b38-374647dee9f8.methylation_array.sesame.level3betas.npy,1
1243c462-0e5e-407a-b0b8-f4231185015d.methylation_array.sesame.level3betas.npy,1
1254942e-3742-48d2-9322-1169a446ebcc.methylation_array.sesame.level3betas.npy,1
12807c1a-e977-4dcb-a9da-058690c31884.methylation_array.sesame.level3betas.npy,1
1321955d-3385-4a87-8e7d-207465ad136e.methylation_array.sesame.level3betas.npy,1
13e2cd72-c835-4a7c-92a9-9a3744999e60.methylation_array.sesame.level3betas.npy,1
140d52bb-470d-43ed-a6df-7ed8f6b4dfcd.methylation_array.sesame.level3betas.npy,1
14536e29-83e9-47f4-844c-8a6bac1f0a23.methylation_array.sesame.level3betas.npy,1
148ff983-90ae-43e0-a853-baec1db4ef64.methylation_array.sesame.level3betas.npy,1
14a226e0-1de2-443c-a96b-1941e9627406.methylation_array.sesame.level3betas.npy,1
14b4f26d-5ae2-4f9a-8ca7-bfa30ab3c7d5.methylation_array.sesame.level3betas.npy,1
151dc293-be67-469f-8fcc-c85798c6d4f8.methylation_array.sesame.level3betas.npy,1
152945b1-8069-40a0-89e7-ac880dcf1a8a.methylation_array.sesame.level3betas.npy,1
1600711d-e218-45e0-8229-723c48103d43.methylation_array.sesame.level3betas.npy,1
16cfa4e1-ff79-4f73-bba0-0d7932ff19c6.methylation_array.sesame.level3betas.npy,1
17253ca9-9e27-4f27-90c2-00e6a1eb4463.methylation_array.sesame.level3betas.npy,1
172afb98-2b9b-4248-9b74-3fc87a42af22.methylation_array.sesame.level3betas.npy,1
1ac5bdc3-aa3d-446e-a11c-2090c5af34ab.methylation_array.sesame.level3betas.npy,1
1b8aee34-7605-49ff-94cf-3f6b4a90d7bc.methylation_array.sesame.level3betas.npy,1
1b9dea2b-a7bd-4284-b483-1a2a08773fc4.methylation_array.sesame.level3betas.npy,1
1c0d93ce-4556-4fec-9dd5-f286f33088f3.methylation_array.sesame.level3betas.npy,1
1c208c99-b68a-4ae3-a6c9-5c64f58bbd64.methylation_array.sesame.level3betas.npy,1
1d172504-25e1-440e-a3ba-65f2bf3670ec.methylation_array.sesame.level3betas.npy,1
1e9dcf52-0142-4add-b862-33aa35604179.methylation_array.sesame.level3betas.npy,1
1fea0b6e-29c2-45e3-934a-0687153dbaa8.methylation_array.sesame.level3betas.npy,1
2034304b-bc4c-4542-935c-3eb6b0b4fba3.methylation_array.sesame.level3betas.npy,1
20732d96-dd0b-4c9e-9357-2008a35dd9ca.methylation_array.sesame.level3betas.npy,1
2084fd32-9a5b-4e75-8b81-7ff082b7139e.methylation_array.sesame.level3betas.npy,1
20cf2d85-72c8-458f-95ec-c4084936e849.methylation_array.sesame.level3betas.npy,1
20dde4f5-7232-4fe5-979f-ace5a73286c9.methylation_array.sesame.level3betas.npy,1
21fe12d7-9da4-458c-a348-34f117a9b0d8.methylation_array.sesame.level3betas.npy,1
220448ca-a103-4e02-a8d4-8090f9278026.methylation_array.sesame.level3betas.npy,1
23c18107-a9c2-48f8-93df-80f16e466086.methylation_array.sesame.level3betas.npy,1
23f4f644-6996-4841-a510-1e65e4a693b6.methylation_array.sesame.level3betas.npy,1
24ab98eb-02eb-4866-b107-cc5967eedc58.methylation_array.sesame.level3betas.npy,1
25a7cf09-4369-4ef2-b5eb-c41199b89a55.methylation_array.sesame.level3betas.npy,1
26f6e535-4298-4b4b-9390-5dc795f878f5.methylation_array.sesame.level3betas.npy,1
27064c2c-9300-4910-8264-49980b5273fb.methylation_array.sesame.level3betas.npy,1
28c3cf31-1550-4060-bb7e-ba21576e8ac0.methylation_array.sesame.level3betas.npy,1
293acc99-d23a-4b70-980d-27d4f7dcfdf4.methylation_array.sesame.level3betas.npy,1
2a26fe88-7d2d-406e-b771-041bc179d8d6.methylation_array.sesame.level3betas.npy,1
2a55cc19-3fa9-4483-aab5-38d53ba73649.methylation_array.sesame.level3betas.npy,1
2a610e1a-cd58-4612-9e6f-b8da2cef921f.methylation_array.sesame.level3betas.npy,1
2a6aa5a8-1dc9-47a5-8fe1-394641b97009.methylation_array.sesame.level3betas.npy,1
2b0a0fde-69d9-44f1-885c-b5bbd5302546.methylation_array.sesame.level3betas.npy,1
2bdd8e0b-ef48-4680-830a-f58b8491c9d4.methylation_array.sesame.level3betas.npy,1
2ca02105-233b-4632-bb60-ea3fc46169dc.methylation_array.sesame.level3betas.npy,1
2e5d66ed-baea-42e1-86af-6089d2d9242a.methylation_array.sesame.level3betas.npy,1
2f03645b-26dc-4f3a-a4f2-d716ef3b5e97.methylation_array.sesame.level3betas.npy,1
30ef2ff4-0d88-420e-a828-02a2f933176e.methylation_array.sesame.level3betas.npy,1
32019f0d-b756-48f2-bbba-917cb23fa2fa.methylation_array.sesame.level3betas.npy,1
32b7d520-ec3a-4206-8e58-f2eb43e67490.methylation_array.sesame.level3betas.npy,1
334b28be-6f05-4e9f-8dd4-903e13beb2fe.methylation_array.sesame.level3betas.npy,1
33acc379-2bf1-4217-a03f-a134e14973d3.methylation_array.sesame.level3betas.npy,1
33d9e25f-25a3-4c04-b11b-7b456095df41.methylation_array.sesame.level3betas.npy,1
33edb3fc-6573-4e7e-8a7e-277e5a7f58bb.methylation_array.sesame.level3betas.npy,1
34cb5861-a5b9-4094-a564-ffd6476efc83.methylation_array.sesame.level3betas.npy,1
34ec0b97-165a-4ea9-8da0-604106f4ba01.methylation_array.sesame.level3betas.npy,1
3556c898-e1b0-48f4-b576-cd0cef7b959f.methylation_array.sesame.level3betas.npy,1
35c7cd2a-019f-42ab-ac9c-38a62df9c242.methylation_array.sesame.level3betas.npy,1
36218eec-eef7-49f8-a315-aa63a5957f20.methylation_array.sesame.level3betas.npy,1
37ab77c2-82ba-4c63-9b4f-daf004141c44.methylation_array.sesame.level3betas.npy,1
37ace855-d159-4afd-8ba5-7d336014fe65.methylation_array.sesame.level3betas.npy,1
38066883-b8bf-4659-96d0-66b2afe2f94f.methylation_array.sesame.level3betas.npy,1
38ce0c14-a11c-4635-ae10-036072f41730.methylation_array.sesame.level3betas.npy,1
38f574d5-c3f3-4ec7-af0f-bfc91a7827f9.methylation_array.sesame.level3betas.npy,1
394035d4-ebdc-41c0-8649-4482248d6225.methylation_array.sesame.level3betas.npy,1
39c74999-7750-4d1a-9bd6-7637a2692e67.methylation_array.sesame.level3betas.npy,1
39eedeaf-29ed-48cb-b545-33b6cd04167c.methylation_array.sesame.level3betas.npy,1
3b0175aa-907d-4e38-ba14-01a4861f1ff9.methylation_array.sesame.level3betas.npy,1
3b13ab45-bb85-4839-aaed-1c29b31d99ff.methylation_array.sesame.level3betas.npy,1
3b40b113-19d9-4c0e-a948-53aedc88beac.methylation_array.sesame.level3betas.npy,1
3bad0876-b9c4-4172-9c46-fff00271a429.methylation_array.sesame.level3betas.npy,1
3bdbbcc5-2d3a-4290-9825-b8de6976a513.methylation_array.sesame.level3betas.npy,1
3c52e53a-4fc4-4a53-999d-93516248d605.methylation_array.sesame.level3betas.npy,1
3d95092d-77d3-4704-9d6b-25e774e28713.methylation_array.sesame.level3betas.npy,1
3dc800dc-249f-4dcd-ae87-c8af6b57ed2c.methylation_array.sesame.level3betas.npy,1
3ee544b8-184d-48f1-982c-592504a19b66.methylation_array.sesame.level3betas.npy,1
3f28c95e-c823-43fe-92b4-0f3f708db891.methylation_array.sesame.level3betas.npy,1
3f89b03c-484d-46fc-949a-04e9b3c47100.methylation_array.sesame.level3betas.npy,1
3fdcd39c-3cf8-42d0-b435-e88057f71d5f.methylation_array.sesame.level3betas.npy,1
3fde76ee-1b5d-41f3-bbf1-4488cdabe28f.methylation_array.sesame.level3betas.npy,1
3fe3c906-a666-4c24-84df-15ff2b2e28b4.methylation_array.sesame.level3betas.npy,1
41badc95-1e62-4af4-ad19-fcfae9769d24.methylation_array.sesame.level3betas.npy,1
43b79b62-e6d4-42cf-b08d-396854278f00.methylation_array.sesame.level3betas.npy,1
43d11bf8-5fba-4dac-be15-15d973da51cc.methylation_array.sesame.level3betas.npy,1
43dacc82-db30-4ebf-8652-9f6ba1e0a70a.methylation_array.sesame.level3betas.npy,1
43f147e4-d7d0-49bd-b6c7-36c37facbf59.methylation_array.sesame.level3betas.npy,1
44b19c6c-8ea4-4e67-83e1-9a10ea9fe804.methylation_array.sesame.level3betas.npy,1
459536ab-a40c-4859-adaf-ce22a3e8c3cd.methylation_array.sesame.level3betas.npy,1
467d12d9-073d-4333-93f2-b29bb2b019e0.methylation_array.sesame.level3betas.npy,1
46a5c115-bf2a-471f-b110-d4d431f8ed14.methylation_array.sesame.level3betas.npy,1
49105f7f-49e0-48ac-93d1-c1713ee88d22.methylation_array.sesame.level3betas.npy,1
4930e09e-5349-4289-b0f7-d72684b13c9c.methylation_array.sesame.level3betas.npy,1
4a458546-5360-4050-82ea-a2ebebb43f9a.methylation_array.sesame.level3betas.npy,1
4aa1983f-b7db-48ec-ac96-42f5fd05b988.methylation_array.sesame.level3betas.npy,1
4ae6600d-1c20-453d-b1da-d9d87d4a788b.methylation_array.sesame.level3betas.npy,1
4bbf964b-eb5f-4dce-a449-ad1f9367fc14.methylation_array.sesame.level3betas.npy,1
4c148f26-5cc1-4c64-8a42-379a7bb93f48.methylation_array.sesame.level3betas.npy,1
4cd32acb-315c-4af3-8750-9e258ec67446.methylation_array.sesame.level3betas.npy,1
4cfee232-dedf-4a70-8a29-bf4ad0de9afd.methylation_array.sesame.level3betas.npy,1
4de8ab15-d49a-42b5-80ec-ab0267de8a3b.methylation_array.sesame.level3betas.npy,1
4f017ae4-6e92-4a72-aaae-052931652e96.methylation_array.sesame.level3betas.npy,1
4f5fe6e3-4dd5-4a58-88ac-7f46c37c3768.methylation_array.sesame.level3betas.npy,1
4f96ee98-c9b9-401d-985a-5e4cf6d87f73.methylation_array.sesame.level3betas.npy,1
5098247b-3835-4915-a1f2-28cc7128db14.methylation_array.sesame.level3betas.npy,1
515d0c5b-0a33-4c46-a453-6a0d7baafaf3.methylation_array.sesame.level3betas.npy,1
51852e30-c3e8-4168-a069-93914090f44a.methylation_array.sesame.level3betas.npy,1
52f2f043-0506-4153-83e8-8358c48d5930.methylation_array.sesame.level3betas.npy,1
531f3a73-5a24-4ca8-9dce-673c9bb28144.methylation_array.sesame.level3betas.npy,1
53585377-fa01-4a16-b30b-9fbf648d5b8d.methylation_array.sesame.level3betas.npy,1
53a71eaa-bd48-46a3-96be-93128a20645d.methylation_array.sesame.level3betas.npy,1
53a8744b-76e8-4dd0-ab63-b43b84b43765.methylation_array.sesame.level3betas.npy,1
551306ce-7011-4855-b4b8-c73951a63cfd.methylation_array.sesame.level3betas.npy,1
5531476b-01a6-4b83-9b24-42869f2c09c6.methylation_array.sesame.level3betas.npy,1
566fda93-acef-4cb6-b947-09ad51c52ada.methylation_array.sesame.level3betas.npy,1
5695b3bd-7bc1-4b00-a1ff-b5319963ba6c.methylation_array.sesame.level3betas.npy,1
56e13c0d-4452-48e1-9929-11099e7d7648.methylation_array.sesame.level3betas.npy,1
57500859-7ecd-41e9-a04b-3f67c8cfac27.methylation_array.sesame.level3betas.npy,1
57c3d19e-c022-419f-98a2-11f0d8be7c1d.methylation_array.sesame.level3betas.npy,1
57f1dc7f-d728-4253-8b96-d040dc818a11.methylation_array.sesame.level3betas.npy,1
591ceea0-4053-4683-ac11-ed0d725e1f65.methylation_array.sesame.level3betas.npy,1
59aac981-0387-4154-8570-d1647fd09851.methylation_array.sesame.level3betas.npy,1
59d1b598-2de3-43eb-b763-49ee299b54a5.methylation_array.sesame.level3betas.npy,1
5cd391f0-ac1f-4d68-a58b-db91f5f4c254.methylation_array.sesame.level3betas.npy,1
5cf01ba2-4385-426b-ba70-5cb6869ee782.methylation_array.sesame.level3betas.npy,1
5d205c95-9fd5-48a7-bbe4-6b70dcf5ecab.methylation_array.sesame.level3betas.npy,1
5e0c5d31-f3d6-4dc2-af42-28a57d19cfb7.methylation_array.sesame.level3betas.npy,1
5e4bbc4d-b404-4a37-abed-ce7e1de13ce7.methylation_array.sesame.level3betas.npy,1
5fe8175c-41ca-4884-ab3d-05fad5fd4e3e.methylation_array.sesame.level3betas.npy,1
600cca17-2a77-444e-9643-5b11e7150f1c.methylation_array.sesame.level3betas.npy,1
61da217e-f98b-43b2-aa5e-d8329fc5b671.methylation_array.sesame.level3betas.npy,1
626f89a3-3d72-4c1b-b222-0af5d53b88b3.methylation_array.sesame.level3betas.npy,1
62cf29a6-a712-4ccd-9d80-ab28a42e4f3e.methylation_array.sesame.level3betas.npy,1
62d2be13-55f8-4c16-84ad-557a09b85b8a.methylation_array.sesame.level3betas.npy,1
62dfb7d8-3d8b-4ab5-ad88-f80f884ac502.methylation_array.sesame.level3betas.npy,1
64290030-6f1c-406b-a4c9-f3d461ac1149.methylation_array.sesame.level3betas.npy,1
6485c6fd-7019-4254-a095-fd21fec98ecb.methylation_array.sesame.level3betas.npy,1
649bd2a2-928d-4845-a8d2-9ec4a9a7dae5.methylation_array.sesame.level3betas.npy,1
6512ecfb-7762-4deb-bf0a-83f3fb10bdd1.methylation_array.sesame.level3betas.npy,1
654f1d64-e6c6-4d79-8292-a6e7c63b1f23.methylation_array.sesame.level3betas.npy,1
6595e567-63c1-4536-a7f3-7d48e8f78e7e.methylation_array.sesame.level3betas.npy,1
65961cb7-5998-4d94-af2f-1c296fd6b674.methylation_array.sesame.level3betas.npy,1
65e67596-dc14-4bf8-8c18-11dadcc6fa92.methylation_array.sesame.level3betas.npy,1
667e90bb-eb62-4ef2-bac1-4aa1fedf501c.methylation_array.sesame.level3betas.npy,1
6727d130-3a87-4966-b917-aeeb58910bac.methylation_array.sesame.level3betas.npy,1
67b9524e-f78a-4dfd-a749-9d8aa601ac11.methylation_array.sesame.level3betas.npy,1
67f85afa-477f-493c-9510-58595f3680f0.methylation_array.sesame.level3betas.npy,1
6832e903-5ec7-4180-b8b6-cb38b7bfc3e7.methylation_array.sesame.level3betas.npy,1
69073609-ccb9-4a39-859d-2f9d8dd3882f.methylation_array.sesame.level3betas.npy,1
691dbafd-0e3f-4ffc-ac1f-35f4de21270c.methylation_array.sesame.level3betas.npy,1
699a1cd5-b493-4714-9791-7ec57606c624.methylation_array.sesame.level3betas.npy,1
6a7030dc-63c0-4843-9ab7-bb55f5f25681.methylation_array.sesame.level3betas.npy,1
6a9582e3-30a7-4444-8782-ec54003abd1a.methylation_array.sesame.level3betas.npy,1
6aa3b9fc-a0c9-4ad1-93fb-da8505901837.methylation_array.sesame.level3betas.npy,1
6abd70ff-6455-4c0b-8d34-53b946ef17e5.methylation_array.sesame.level3betas.npy,1
6aceb16e-2157-4e6d-b01a-035edac0f3f0.methylation_array.sesame.level3betas.npy,1
6b0ffce2-6c6e-4bc5-bb9c-2f4e4ad9f15c.methylation_array.sesame.level3betas.npy,1
6b2f244b-9bed-4ce4-a8b6-dfaa429b25b7.methylation_array.sesame.level3betas.npy,1
6b5c3cc5-1f11-444c-8b03-ad15e312fef7.methylation_array.sesame.level3betas.npy,1
6b62f7e7-f9d8-4dd6-889d-c28aba79ba45.methylation_array.sesame.level3betas.npy,1
6b97a90f-83e3-440d-9c8d-20fe160e362d.methylation_array.sesame.level3betas.npy,1
6ba0171b-46eb-43a3-80dd-c7a1eb13c5c3.methylation_array.sesame.level3betas.npy,1
6c2c5c0e-1012-47e5-9e70-6692440c33cd.methylation_array.sesame.level3betas.npy,1
6c39317f-24a3-4f60-8dcd-0a7b6c4a790b.methylation_array.sesame.level3betas.npy,1
6c8442da-2a36-4294-8730-0288028fc588.methylation_array.sesame.level3betas.npy,1
6caf9626-5fd2-4421-bba7-62683ffb0f30.methylation_array.sesame.level3betas.npy,1
6dfc7c02-8d63-4039-b6cf-d5fdd9af7518.methylation_array.sesame.level3betas.npy,1
6e38dc2d-2ddf-4907-af0c-33b7e4c95b74.methylation_array.sesame.level3betas.npy,1
6ee55b5f-d616-4a46-9fd9-fe591dcd4d7d.methylation_array.sesame.level3betas.npy,1
6f17c576-f929-4b61-be3b-25c32775dc82.methylation_array.sesame.level3betas.npy,1
6f1db8b9-e299-48a1-b1b9-001b8d4fe12d.methylation_array.sesame.level3betas.npy,1
6f386377-954e-41d2-8b75-970aac05cb0c.methylation_array.sesame.level3betas.npy,1
70631f26-0d47-46cf-8d73-1a5cb184cfac.methylation_array.sesame.level3betas.npy,1
71c38ad4-1e2e-4ac8-a39c-45e4a19016a2.methylation_array.sesame.level3betas.npy,1
71d265ec-f9e6-455e-a3a6-5b5937b722dd.methylation_array.sesame.level3betas.npy,1
7237c71d-f7fa-4787-86eb-a27a1228bb5c.methylation_array.sesame.level3betas.npy,1
732547f9-5e8f-449f-9a35-e4fd355a98b6.methylation_array.sesame.level3betas.npy,1
733beb24-62f6-47e3-a446-603dadb8a844.methylation_array.sesame.level3betas.npy,1
739934e1-6e74-4813-8d78-c1b78127ac5c.methylation_array.sesame.level3betas.npy,1
74a5719a-335c-4ac1-974f-00db57a3f570.methylation_array.sesame.level3betas.npy,1
74af2be2-3bb8-44d3-8e3a-5fa9c3db5335.methylation_array.sesame.level3betas.npy,1
750a1b77-31cd-4d4f-b1b7-593e5749428b.methylation_array.sesame.level3betas.npy,1
75aff01c-470a-4ea9-a7dc-271da5009e07.methylation_array.sesame.level3betas.npy,1
75b91801-d53b-42a3-b202-09e59c350eb8.methylation_array.sesame.level3betas.npy,1
772ac4af-c38c-4ac4-b4f2-41d3a80c119b.methylation_array.sesame.level3betas.npy,1
776224d0-98cf-41cb-b23b-358da5b1b201.methylation_array.sesame.level3betas.npy,1
77945aaf-b8b0-4f44-bb84-cdde8fd2ddde.methylation_array.sesame.level3betas.npy,1
77f40746-d33e-4247-8156-315587169223.methylation_array.sesame.level3betas.npy,1
7869f02c-5f17-4bca-8862-2f906113a843.methylation_array.sesame.level3betas.npy,1
789283ce-5e62-4652-81d1-806eab084d9f.methylation_array.sesame.level3betas.npy,1
789490ef-a213-4853-84c8-98f59cf0cb94.methylation_array.sesame.level3betas.npy,1
78fafc18-49e3-4dde-bda2-3eb446eb5685.methylation_array.sesame.level3betas.npy,1
7933d530-ffda-4b60-b8f7-7777dee107e1.methylation_array.sesame.level3betas.npy,1
795b9f16-3056-4d4c-bcb7-7bb060d48e44.methylation_array.sesame.level3betas.npy,1
7a16a5a0-1940-4ce0-8aca-2c16e7431fb5.methylation_array.sesame.level3betas.npy,1
7a359510-de4a-497d-827b-57809db1631d.methylation_array.sesame.level3betas.npy,1
7a3f548c-1165-4187-b7a0-d904b871134d.methylation_array.sesame.level3betas.npy,1
7b8d5379-f180-4566-9085-609a7e392bc9.methylation_array.sesame.level3betas.npy,1
7c3722c4-09e6-46f2-99f4-024266ed4844.methylation_array.sesame.level3betas.npy,1
7c6b1c07-7864-4f3b-8ad8-49d9791bdba4.methylation_array.sesame.level3betas.npy,1
7dafceee-b9bd-4ca7-8482-14c7250ad45b.methylation_array.sesame.level3betas.npy,1
7dfdceca-a534-4849-87d4-10200d369000.methylation_array.sesame.level3betas.npy,1
7e16aeef-08af-4bd0-9fe4-412d307487a8.methylation_array.sesame.level3betas.npy,1
7e2036b6-2000-4fe3-aead-4a63b689db81.methylation_array.sesame.level3betas.npy,1
7e801693-4ad6-487d-a6d5-e11cd4ba1f8d.methylation_array.sesame.level3betas.npy,1
815656be-bb86-43ba-afb3-c4c67c831b47.methylation_array.sesame.level3betas.npy,1
81f6713a-b8ad-4391-8935-b9675aa5e944.methylation_array.sesame.level3betas.npy,1
81fb6e8f-6540-47f8-a524-3930f264f86b.methylation_array.sesame.level3betas.npy,1
820590e4-b8fd-4296-b03e-bae1a2a81830.methylation_array.sesame.level3betas.npy,1
826cf83d-ac94-41f6-b567-535acab2c438.methylation_array.sesame.level3betas.npy,1
82c95944-9bb1-45bb-907f-a24158399335.methylation_array.sesame.level3betas.npy,1
82da608d-2378-4b3b-8db5-8f30bd2eec13.methylation_array.sesame.level3betas.npy,1
839c6309-c201-4503-a5f9-b470b30f38b3.methylation_array.sesame.level3betas.npy,1
83af5d5c-beb6-452b-8f0e-b98b332656b1.methylation_array.sesame.level3betas.npy,1
858e64bc-196d-4575-9fa8-b1a70f0011d4.methylation_array.sesame.level3betas.npy,1
85c2611e-1d06-4298-81f6-2721d07687b7.methylation_array.sesame.level3betas.npy,1
86026125-3f61-44e5-b38e-24d0128c1873.methylation_array.sesame.level3betas.npy,1
864ac16d-fb4d-4f58-903e-11a078bd31bb.methylation_array.sesame.level3betas.npy,1
86fbdf21-837b-4fcc-9399-8cb8ae00499e.methylation_array.sesame.level3betas.npy,1
88976c0b-39ed-482e-815d-f36b353909e5.methylation_array.sesame.level3betas.npy,1
8932f41f-1fe2-46de-a29a-5f2284f2d55c.methylation_array.sesame.level3betas.npy,1
89e3b7c2-6c19-4c01-b72e-314271fc15c5.methylation_array.sesame.level3betas.npy,1
8a5646e5-dd6f-4c88-8df5-f48b54960af7.methylation_array.sesame.level3betas.npy,1
8ac42e0b-b119-4d52-9d96-ee3880d00a64.methylation_array.sesame.level3betas.npy,1
8bc41e3e-6500-4d3c-9775-6101f572deb6.methylation_array.sesame.level3betas.npy,1
8c2e947c-474a-4b0f-adc7-ec304b79060d.methylation_array.sesame.level3betas.npy,1
8e8dc4b7-ce8b-4f7c-999c-e3a64344900f.methylation_array.sesame.level3betas.npy,1
8e9811c9-3ae0-4468-bc96-83da17865f23.methylation_array.sesame.level3betas.npy,1
8e9cdd46-4bb7-47f3-bb79-d369166e1c3d.methylation_array.sesame.level3betas.npy,1
8f2b48a8-c4ad-4569-aa73-9911a08a5bd8.methylation_array.sesame.level3betas.npy,1
8f691880-4ef5-44e9-a1f8-f4b9c6ef4fa2.methylation_array.sesame.level3betas.npy,1
8fb61be1-d7b8-4b41-8453-394593e81061.methylation_array.sesame.level3betas.npy,1
8fe412c5-fcc5-40ce-9fc8-9fd918ca6736.methylation_array.sesame.level3betas.npy,1
9042d24e-dfd0-43d8-b9e1-0b0f6df7f51f.methylation_array.sesame.level3betas.npy,1
90b52216-b5bc-47bc-8b80-0c4da9c3070b.methylation_array.sesame.level3betas.npy,1
90b5abf9-0f75-4c7d-aca7-9164a1aecb74.methylation_array.sesame.level3betas.npy,1
91646d54-fef6-445e-983a-9172380f5b85.methylation_array.sesame.level3betas.npy,1
91720c9d-3bc4-4429-ae54-71e87bb7b971.methylation_array.sesame.level3betas.npy,1
91f982ce-d8d4-44e1-9f49-8b20852fe5c6.methylation_array.sesame.level3betas.npy,1
92d30dc0-ec99-4a9f-94f7-9984f45025a9.methylation_array.sesame.level3betas.npy,1
9345fd2a-d838-4206-b9c0-86c0e05f09c5.methylation_array.sesame.level3betas.npy,1
934f5e6a-5c3e-4438-aeb0-eb3c0bf9a6ae.methylation_array.sesame.level3betas.npy,1
93f140fb-9698-4a6d-a594-caba9263034b.methylation_array.sesame.level3betas.npy,1
95b87034-0624-4706-823d-ab6570593faf.methylation_array.sesame.level3betas.npy,1
96047e3a-6f4b-41e7-a10a-cca831ad298a.methylation_array.sesame.level3betas.npy,1
961a7752-879d-4f3f-b5be-edf2fe849f30.methylation_array.sesame.level3betas.npy,1
964c30a3-04ed-4939-bb00-2c28ca9c038b.methylation_array.sesame.level3betas.npy,1
97005f8f-967c-4326-aac4-e81844d8c74c.methylation_array.sesame.level3betas.npy,1
9716987a-03f5-44a4-b2f0-7febb63d715a.methylation_array.sesame.level3betas.npy,1
98a4eca3-b597-438b-9d8d-4066f86786f2.methylation_array.sesame.level3betas.npy,1
9a8315ba-db55-426e-8a3c-14947651d063.methylation_array.sesame.level3betas.npy,1
9b280387-baab-4d1c-9c3c-b4656bab2aeb.methylation_array.sesame.level3betas.npy,1
9daef1ae-dc9f-4690-b8d7-caf48d4aea4d.methylation_array.sesame.level3betas.npy,1
9fed810f-84dc-4f0c-951f-6ebb802405ee.methylation_array.sesame.level3betas.npy,1
a02738d8-f918-41dc-bc0b-fc44f8c6be69.methylation_array.sesame.level3betas.npy,1
a03f8b10-3148-4256-a017-20fdc889baef.methylation_array.sesame.level3betas.npy,1
a126dc41-8dd0-4198-8d06-458e99e0f424.methylation_array.sesame.level3betas.npy,1
a16cfaae-dc96-4898-b9ea-40eff1b37faa.methylation_array.sesame.level3betas.npy,1
a17c84ce-f10d-445b-8c78-c87bfb072218.methylation_array.sesame.level3betas.npy,1
a22178fe-b344-4630-b0e9-719c8f1fd98b.methylation_array.sesame.level3betas.npy,1
a2c33ee2-3852-40ee-8142-9137c9b45e98.methylation_array.sesame.level3betas.npy,1
a33cbaef-e4d2-4b4d-acf9-f53f4081ba3b.methylation_array.sesame.level3betas.npy,1
a424b122-51ee-4e63-8cec-ec102779d467.methylation_array.sesame.level3betas.npy,1
a478f001-3305-4881-acd5-79bcca154082.methylation_array.sesame.level3betas.npy,1
a48c8651-0045-4bb7-a80e-f0811a7da16f.methylation_array.sesame.level3betas.npy,1
a526753d-c5c1-4d94-9eeb-910a7cb62c8f.methylation_array.sesame.level3betas.npy,1
a5ea96ff-aa14-40c7-9bf8-e813e7120d5d.methylation_array.sesame.level3betas.npy,1
a5f3c2e6-fd73-41a3-a5cc-de0b7b5bbc3e.methylation_array.sesame.level3betas.npy,1
a75b8d6b-2f82-4328-9778-583d8f2024e9.methylation_array.sesame.level3betas.npy,1
a7825675-41d9-4ec0-af01-b0d2daff082e.methylation_array.sesame.level3betas.npy,1
a7b078fc-341c-4e9e-ba61-1548bc4337c4.methylation_array.sesame.level3betas.npy,1
a7c8a0c9-eb05-4364-9942-0c5a367c814c.methylation_array.sesame.level3betas.npy,1
a881fef9-9884-4439-90ea-bd73fe3a7a68.methylation_array.sesame.level3betas.npy,1
a88f2597-b7d1-4f1c-91a2-9c545c2a2c54.methylation_array.sesame.level3betas.npy,1
a8cbc5af-0efc-4630-af8b-058a2dd9919a.methylation_array.sesame.level3betas.npy,1
a9c1a124-1cee-4c99-9ba4-bd00310914c1.methylation_array.sesame.level3betas.npy,1
aa9cd003-ea5c-44ce-ac0f-08975ada62cc.methylation_array.sesame.level3betas.npy,1
aad4cdb2-c7bf-4d93-935d-6fd5a9566290.methylation_array.sesame.level3betas.npy,1
abc32710-b9a6-4651-ab63-5594d7f54702.methylation_array.sesame.level3betas.npy,1
ac715450-cf9a-48f9-a450-c2fc20b5c8fc.methylation_array.sesame.level3betas.npy,1
ac812b62-e75b-4d68-8759-84717ec79000.methylation_array.sesame.level3betas.npy,1
ac979beb-b2c3-4c6d-9532-6aaf4909c898.methylation_array.sesame.level3betas.npy,1
acce9213-4e97-40a8-bc56-9a685bd9d83d.methylation_array.sesame.level3betas.npy,1
acef8290-5597-4620-b337-669082481822.methylation_array.sesame.level3betas.npy,1
ae9d7e08-35e8-49c8-b378-1d706847ef9b.methylation_array.sesame.level3betas.npy,1
aff6d45c-b661-496d-b1b4-b17cb6f21915.methylation_array.sesame.level3betas.npy,1
b098ce34-f770-4325-bfb7-99adb36f4ba7.methylation_array.sesame.level3betas.npy,1
b12d8100-4c1d-45df-943e-3e7b83e6d047.methylation_array.sesame.level3betas.npy,1
b168a49a-4b88-4bc7-b98e-60561536030f.methylation_array.sesame.level3betas.npy,1
b1778b3d-9b03-4bae-be95-5e88bda032f8.methylation_array.sesame.level3betas.npy,1
b23f31a7-0a1b-45f9-97b6-1a81cf991ffe.methylation_array.sesame.level3betas.npy,1
b4c86b96-ca2e-4c74-8b4d-4d1c21d636d4.methylation_array.sesame.level3betas.npy,1
b53c2c16-6cff-45da-8114-595339220066.methylation_array.sesame.level3betas.npy,1
b66f7147-0316-4339-b6c5-b6da4f0b6689.methylation_array.sesame.level3betas.npy,1
b8535f6c-eaf1-4259-9ab4-83ee93e14236.methylation_array.sesame.level3betas.npy,1
b8cc83fb-486d-4356-a183-f3ed5febe774.methylation_array.sesame.level3betas.npy,1
b8d34ba0-2ecf-4fca-ad90-513f5c1e64bc.methylation_array.sesame.level3betas.npy,1
b9cebe21-a0e1-44a4-9364-652e85e7a3d1.methylation_array.sesame.level3betas.npy,1
bacde718-806a-4ca1-853e-e76b5329d69d.methylation_array.sesame.level3betas.npy,1
bb4b0f11-e57d-4d80-a6ec-40de4a6214a5.methylation_array.sesame.level3betas.npy,1
bd2c32a7-eb05-40f5-bfc1-9c40d19098c2.methylation_array.sesame.level3betas.npy,1
be6ab87d-3de1-4fdd-805d-8731ecbe0d8d.methylation_array.sesame.level3betas.npy,1
be8358b8-ff17-4a2a-8a1d-3a16fab9c58f.methylation_array.sesame.level3betas.npy,1
bf0e1f52-34c7-4f96-b5a0-65bf285a309f.methylation_array.sesame.level3betas.npy,1
bf146a6b-f84c-487b-9a01-f42d0f74dc53.methylation_array.sesame.level3betas.npy,1
bfc9c855-a10e-41ad-8c03-96b3e7c8a340.methylation_array.sesame.level3betas.npy,1
c20fbf44-c626-44cc-9546-bc6e3d68609c.methylation_array.sesame.level3betas.npy,1
c3b83a84-1457-4c9b-9e9c-ed984decd58a.methylation_array.sesame.level3betas.npy,1
c3d7da8e-f562-4ca5-83fe-41b9afaa8a70.methylation_array.sesame.level3betas.npy,1
c42d0753-3bd1-4d44-b3a0-eaba68cae2ea.methylation_array.sesame.level3betas.npy,1
c4af09fa-49b6-4a34-90f7-409969666435.methylation_array.sesame.level3betas.npy,1
c5343441-106b-4888-85f7-b08b97e1cc35.methylation_array.sesame.level3betas.npy,1
c547eec7-18b2-4629-ac89-cc5899f16c28.methylation_array.sesame.level3betas.npy,1
c6657006-15b2-4af9-81b9-0cea914c30f2.methylation_array.sesame.level3betas.npy,1
c6fad5e2-81d0-4396-a942-5588f7836d7e.methylation_array.sesame.level3betas.npy,1
c74cf997-6734-4ab1-89f9-c78135ea6a52.methylation_array.sesame.level3betas.npy,1
c7ce92a6-0391-4be5-938f-66b34bc44001.methylation_array.sesame.level3betas.npy,1
c8603c7f-341d-43df-a851-622a04a11661.methylation_array.sesame.level3betas.npy,1
c88b6601-f03f-4a96-88d8-2d2b8e1467b6.methylation_array.sesame.level3betas.npy,1
c8a4dec9-686c-43e1-9a06-62a51aa64d87.methylation_array.sesame.level3betas.npy,1
c8d3e492-ac29-47c5-ae80-c38b15051c7a.methylation_array.sesame.level3betas.npy,1
c8dcc9d8-02c2-4274-a0c3-3b69875d51a1.methylation_array.sesame.level3betas.npy,1
c985d155-2eec-4a51-8068-b3c3f3cdcb22.methylation_array.sesame.level3betas.npy,1
c9eb1c59-3edc-4e8d-9f5b-8aade094f86c.methylation_array.sesame.level3betas.npy,1
ca3252f7-0bf2-4990-994f-e5c3c55af321.methylation_array.sesame.level3betas.npy,1
ca3ccee4-3004-4ffb-a0f9-aabe6fb32c77.methylation_array.sesame.level3betas.npy,1
ca688307-063d-4d6f-973d-98efc11cfd85.methylation_array.sesame.level3betas.npy,1
ca84ccf3-7d17-4917-a1e4-7fc7e8bfe046.methylation_array.sesame.level3betas.npy,1
cb37f6b2-2076-4f39-96f1-9c6b7c5a8e38.methylation_array.sesame.level3betas.npy,1
cc0aa5b5-187d-499c-89bb-3f76c4ad4181.methylation_array.sesame.level3betas.npy,1
cdabc9eb-c63a-4b49-becf-b786d1082599.methylation_array.sesame.level3betas.npy,1
ce1b28e7-5622-4bd9-934e-c9ba9e96766f.methylation_array.sesame.level3betas.npy,1
d06bb036-3577-4faa-bc21-664e9e322c6b.methylation_array.sesame.level3betas.npy,1
d1497e1a-0a36-4944-8ca9-1dfadce29cfe.methylation_array.sesame.level3betas.npy,1
d1a40d7e-8340-4fa2-9ac5-2556981566ce.methylation_array.sesame.level3betas.npy,1
d1adf0b9-8c6e-4533-a606-c982e74f0128.methylation_array.sesame.level3betas.npy,1
d1c61f1b-6aec-43ea-b067-fba636d57bd8.methylation_array.sesame.level3betas.npy,1
d290a8d9-02f8-4d1f-a696-79385c713e8f.methylation_array.sesame.level3betas.npy,1
d29d0636-9c13-4402-be55-a1ef725bcbaf.methylation_array.sesame.level3betas.npy,1
d3bb2a96-7e44-4e89-a37b-bbc0b398a7d1.methylation_array.sesame.level3betas.npy,1
d4732770-436a-47b2-94f0-f284c724c0aa.methylation_array.sesame.level3betas.npy,1
d52b10d1-5aa1-4441-9ee1-e064a1c95be1.methylation_array.sesame.level3betas.npy,1
d558292f-307d-4273-b506-e7bd103f7390.methylation_array.sesame.level3betas.npy,1
d56fad38-9097-4a49-bffb-b25a5da8841b.methylation_array.sesame.level3betas.npy,1
d5c350db-c556-425d-9799-a410325b3119.methylation_array.sesame.level3betas.npy,1
d63995e4-c198-43ec-90aa-13f284328513.methylation_array.sesame.level3betas.npy,1
d6d80441-ccf4-4468-9c4c-ac3931023e21.methylation_array.sesame.level3betas.npy,1
d7052115-1c34-48d5-99d3-0aae220c0f70.methylation_array.sesame.level3betas.npy,1
d7064e54-bde0-41f7-842b-261c3dddbd87.methylation_array.sesame.level3betas.npy,1
d7250ff5-0018-4af3-8920-4059d802c266.methylation_array.sesame.level3betas.npy,1
d740a6eb-46a2-47d1-844a-fc279928ce93.methylation_array.sesame.level3betas.npy,1
d76097d6-1285-4d74-8e84-8593118cd6c2.methylation_array.sesame.level3betas.npy,1
d77ff6b8-7e26-4f72-bf18-bd5cc3e0b132.methylation_array.sesame.level3betas.npy,1
d7b66492-a52a-4a9a-82f6-ae3a32ca03e7.methylation_array.sesame.level3betas.npy,1
d8ef2028-31f8-4653-917c-7f6ed246245f.methylation_array.sesame.level3betas.npy,1
d94e747d-d92c-4c14-b4c6-39c918129d3d.methylation_array.sesame.level3betas.npy,1
d98602d3-d1bc-420d-b8b0-e3ab2e28011b.methylation_array.sesame.level3betas.npy,1
da2eaba7-7467-428d-87df-fd566af50f2b.methylation_array.sesame.level3betas.npy,1
da32f5ad-d46b-487a-87bb-7746cd74f984.methylation_array.sesame.level3betas.npy,1
daac12bc-d6ad-4723-91f9-218ca830eaaf.methylation_array.sesame.level3betas.npy,1
dca7d0c8-aa29-4c08-bae0-909cf62d44dd.methylation_array.sesame.level3betas.npy,1
dd780bf7-d0e2-499e-b663-8e2a9e3451e3.methylation_array.sesame.level3betas.npy,1
dd95b734-705d-4333-85ff-b09b60b7c297.methylation_array.sesame.level3betas.npy,1
de22380d-96d2-43ea-b75e-5a825b1fe83c.methylation_array.sesame.level3betas.npy,1
defddc29-a251-403e-8f28-2ca93dd013aa.methylation_array.sesame.level3betas.npy,1
df47e3fe-5cab-4d0e-8958-f5fd2bb9d2cf.methylation_array.sesame.level3betas.npy,1
df7315d6-f9a5-4370-9ae9-f5c35ae14022.methylation_array.sesame.level3betas.npy,1
e00c91ed-9d43-4419-9004-6196ca99dd20.methylation_array.sesame.level3betas.npy,1
e0839446-38fd-442e-9eae-2a8f14ca55a1.methylation_array.sesame.level3betas.npy,1
e0e63fe1-008f-4b4d-a1bd-141ab33d1565.methylation_array.sesame.level3betas.npy,1
e0e9c5a0-1e0e-4b5d-b200-218da49426c4.methylation_array.sesame.level3betas.npy,1
e1b14d00-e107-48c3-b49b-b813f99622db.methylation_array.sesame.level3betas.npy,1
e1e9cb6a-c57d-4f8a-a646-91ba70502003.methylation_array.sesame.level3betas.npy,1
e2336b05-ab9d-4328-95ad-6e0714ffde09.methylation_array.sesame.level3betas.npy,1
e234df16-8669-4cc3-b316-dc23f1bf2121.methylation_array.sesame.level3betas.npy,1
e35c26c2-5fd1-4e68-9bb7-d5d586c16c76.methylation_array.sesame.level3betas.npy,1
e53c7374-67b1-4950-9459-55d0080ba730.methylation_array.sesame.level3betas.npy,1
e5551b90-d783-4604-b4d3-7ba42f9e19ce.methylation_array.sesame.level3betas.npy,1
e5571b0a-2232-449e-8372-eafa56aa0ea8.methylation_array.sesame.level3betas.npy,1
e676253e-b12d-41bc-968f-71fce924da41.methylation_array.sesame.level3betas.npy,1
e68ad148-ce9e-42d9-a094-e1cf9b73ba34.methylation_array.sesame.level3betas.npy,1
e6eff422-b906-48d0-94c6-6b7ddb157f58.methylation_array.sesame.level3betas.npy,1
e70453e2-f2cb-421d-be71-b100493af651.methylation_array.sesame.level3betas.npy,1
e78565c0-3d3c-4982-9283-7ea032803a67.methylation_array.sesame.level3betas.npy,1
e7aa5415-73d2-4023-b622-bb1d3a6bf530.methylation_array.sesame.level3betas.npy,1
e7cc4b36-ad6d-453e-92d9-1f20fece199c.methylation_array.sesame.level3betas.npy,1
e80013b4-f462-423f-83d4-aae3dd79f806.methylation_array.sesame.level3betas.npy,1
ea41bded-1f57-4df9-aa32-955a17d7045a.methylation_array.sesame.level3betas.npy,1
ea72bfcd-3b14-4518-9e1d-8ad07dbc7332.methylation_array.sesame.level3betas.npy,1
eaf54b99-9fd4-4e53-ba2e-50ec28dcdc08.methylation_array.sesame.level3betas.npy,1
ebe5be32-1178-4191-89e3-28d19652e889.methylation_array.sesame.level3betas.npy,1
ec0f2a4a-bea2-496b-812f-8f08bb4826db.methylation_array.sesame.level3betas.npy,1
ec39b883-c004-4db1-a08c-17185b518818.methylation_array.sesame.level3betas.npy,1
ecb3fd00-1b80-4914-a9ab-38e6a3108be0.methylation_array.sesame.level3betas.npy,1
edfdabe5-7d6a-469a-98ab-697a8881b08e.methylation_array.sesame.level3betas.npy,1
eee1a3b3-af90-4f05-a26d-b8a1bce531f0.methylation_array.sesame.level3betas.npy,1
ef365a22-638b-41bc-98dd-1cc533bb74c0.methylation_array.sesame.level3betas.npy,1
f02a4142-3aaf-41e1-acbd-5a8833405b0a.methylation_array.sesame.level3betas.npy,1
f0e4757f-0ac1-4ee8-bc77-43ed6f614bf5.methylation_array.sesame.level3betas.npy,1
f0ed4c71-d419-496a-8c53-a132f819060d.methylation_array.sesame.level3betas.npy,1
f2932643-c60f-46dc-ac26-9357263984e3.methylation_array.sesame.level3betas.npy,1
f2e2bccd-5646-4174-827f-5be1c4a92232.methylation_array.sesame.level3betas.npy,1
f45f4fbf-1696-4ecc-a565-4f53b4a2e9a4.methylation_array.sesame.level3betas.npy,1
f4e98d67-beac-481c-89fb-4c108221d792.methylation_array.sesame.level3betas.npy,1
f4fc375f-ba8c-4f72-bc61-352d63f4bd93.methylation_array.sesame.level3betas.npy,1
f5a31d67-3f9a-4356-a0db-769714cb8e59.methylation_array.sesame.level3betas.npy,1
f7fac13b-d207-466e-9f35-7e392704b79c.methylation_array.sesame.level3betas.npy,1
f8c84891-9c42-4041-89f1-6f63b6251f2c.methylation_array.sesame.level3betas.npy,1
f9424b12-5861-485d-b4fd-6f2146cfdea1.methylation_array.sesame.level3betas.npy,1
f97cc48f-b507-4699-9613-c4f58bb07fb5.methylation_array.sesame.level3betas.npy,1
f9e10b85-70ee-4411-b126-a98e3bbd10ca.methylation_array.sesame.level3betas.npy,1
f9f6c95c-0397-40d0-9275-311d44aaf325.methylation_array.sesame.level3betas.npy,1
fb308234-c394-4086-8216-4aa82825ae4c.methylation_array.sesame.level3betas.npy,1
fbc63a44-89c8-411c-87c9-05fd4138647a.methylation_array.sesame.level3betas.npy,1
fbff6fe0-90d5-49e8-8486-c32903d810d2.methylation_array.sesame.level3betas.npy,1
fd1009dc-9b57-490d-9d38-f10710c45d22.methylation_array.sesame.level3betas.npy,1
fd10dedc-a5d7-4eb7-8864-c522ce24a058.methylation_array.sesame.level3betas.npy,1
fdf9aeee-f886-42af-a9d0-dffb5f3383ae.methylation_array.sesame.level3betas.npy,1
fe6901d3-efc3-4cd8-bdc7-8bc6c19236a9.methylation_array.sesame.level3betas.npy,1
ff47dd82-1c43-43f9-bcd9-6645dd7b37cc.methylation_array.sesame.level3betas.npy,1
ff78d2c4-c3bf-4f40-85d5-e37153176f1f.methylation_array.sesame.level3betas.npy,1
ff85c3cf-cfb7-4e5c-993a-99adf02b1408.methylation_array.sesame.level3betas.npy,1
fff4f7a4-d30f-4854-a262-9a1c467c0199.methylation_array.sesame.level3betas.npy,1
000b02b0-de76-4d66-9d9e-11eb9ff30bae.methylation_array.sesame.level3betas.npy,2
0018bb0a-6c26-4270-8dda-e22568c38fbc.methylation_array.sesame.level3betas.npy,2
00c63625-ab0a-44ae-81b1-37e7d2d4c26d.methylation_array.sesame.level3betas.npy,2
00f9a97f-e78f-427e-8ae6-ab853d7c1228.methylation_array.sesame.level3betas.npy,2
01333d61-3ce2-45f5-846e-3a82e709684e.methylation_array.sesame.level3betas.npy,2
019e735f-e758-46fe-812a-10500877d87e.methylation_array.sesame.level3betas.npy,2
01e222d3-d0fe-4089-baa9-ced4722d54bc.methylation_array.sesame.level3betas.npy,2
028ace31-abff-4881-95d4-7ed27a5388d2.methylation_array.sesame.level3betas.npy,2
02b44300-6e7c-4ee0-b129-065e1bb68dba.methylation_array.sesame.level3betas.npy,2
02e20d7e-bd33-4e4b-a3b8-2bf47af73473.methylation_array.sesame.level3betas.npy,2
034fc05e-de48-4b06-8dc3-97420914fa07.methylation_array.sesame.level3betas.npy,2
04deb6e9-816a-4e6d-aea6-ef79856b2aed.methylation_array.sesame.level3betas.npy,2
0534ed1c-bd24-49c7-a673-d8f61c906254.methylation_array.sesame.level3betas.npy,2
0536acf4-80ba-4567-89ec-e1c2592b3556.methylation_array.sesame.level3betas.npy,2
05d2131a-d2e0-4ae1-af83-0b007e3191c3.methylation_array.sesame.level3betas.npy,2
066aadff-9127-424a-8e9b-d3d4688adecd.methylation_array.sesame.level3betas.npy,2
06d5bd41-d1d8-41c2-9007-6c308120eb18.methylation_array.sesame.level3betas.npy,2
0700d8b9-7f89-4000-9080-3738b4f17dae.methylation_array.sesame.level3betas.npy,2
07428f55-92d2-4a1e-bcee-49da302046cc.methylation_array.sesame.level3betas.npy,2
074ba7eb-6afe-4381-b074-87646eaa7d5f.methylation_array.sesame.level3betas.npy,2
076cf7f1-23a1-4c3d-8326-17c02bc1b7a4.methylation_array.sesame.level3betas.npy,2
096fa6c2-acb5-4cda-96b5-8c09baf84d5f.methylation_array.sesame.level3betas.npy,2
09f07b1e-00dc-4871-a8f5-bee62215b59f.methylation_array.sesame.level3betas.npy,2
0b0f3cde-d143-4da2-bfcc-74202ead72bf.methylation_array.sesame.level3betas.npy,2
0b787b4e-061b-42ba-9d9a-aa040803e934.methylation_array.sesame.level3betas.npy,2
0b7f7aaf-1fe6-4c2d-8990-b8eeb66032f6.methylation_array.sesame.level3betas.npy,2
0cfa44db-b6c1-42cf-9581-ff47f46e4407.methylation_array.sesame.level3betas.npy,2
0d060a82-a622-455e-8c97-6ef7b69c98c8.methylation_array.sesame.level3betas.npy,2
0e909575-a948-4388-becf-d8335deff4bf.methylation_array.sesame.level3betas.npy,2
0e9d4448-d052-450c-9eae-244e5d5ff3b3.methylation_array.sesame.level3betas.npy,2
0f9abf25-ae56-40ae-b0da-2e36fbc6e5be.methylation_array.sesame.level3betas.npy,2
0fab2186-bdcb-4e17-81ea-b230f2472070.methylation_array.sesame.level3betas.npy,2
107b4e91-35b9-45d0-a343-d8930f5617c2.methylation_array.sesame.level3betas.npy,2
11583ec5-c1ab-4150-85f1-97de6dae57f8.methylation_array.sesame.level3betas.npy,2
11b703b5-d892-474c-89e6-c50b8284c6f4.methylation_array.sesame.level3betas.npy,2
1201d3bf-d809-40e3-858d-6e202a2de25a.methylation_array.sesame.level3betas.npy,2
129beb21-0ff2-4458-9a4a-ac767ff69851.methylation_array.sesame.level3betas.npy,2
12eed667-3033-4084-83cf-f6cd81d3cf86.methylation_array.sesame.level3betas.npy,2
1302557f-a37e-41f6-a23e-a532a4e5823d.methylation_array.sesame.level3betas.npy,2
13981ab2-7a8d-48b3-b1b9-09a33baa3787.methylation_array.sesame.level3betas.npy,2
13b47106-e92b-4404-87cc-1ed950f49f89.methylation_array.sesame.level3betas.npy,2
13e6400a-952d-49b6-83d9-342040423056.methylation_array.sesame.level3betas.npy,2
146f1568-724a-4831-8cbd-3ca719c3922a.methylation_array.sesame.level3betas.npy,2
14814ece-d63e-48a7-9332-f3641891d471.methylation_array.sesame.level3betas.npy,2
16417ea9-975c-406e-b793-39b99133207a.methylation_array.sesame.level3betas.npy,2
1695953e-9d73-4269-9237-ebf885616ad7.methylation_array.sesame.level3betas.npy,2
17be1f2b-25ae-490c-bf0d-e212550914c0.methylation_array.sesame.level3betas.npy,2
17c1296d-4bf3-4c43-bc94-44facc6076e8.methylation_array.sesame.level3betas.npy,2
18d72595-0e95-4846-9b23-f46ebaba6f51.methylation_array.sesame.level3betas.npy,2
1919f99a-fe40-49db-a974-dc5c5df80e21.methylation_array.sesame.level3betas.npy,2
1921b8e5-a03b-42b9-aefb-9ce80523e0dc.methylation_array.sesame.level3betas.npy,2
1982c915-3b1e-439a-a49f-798302b6fe4f.methylation_array.sesame.level3betas.npy,2
19843621-38cf-4995-8153-eee5491db71b.methylation_array.sesame.level3betas.npy,2
19989feb-d0aa-4937-a20d-589239076690.methylation_array.sesame.level3betas.npy,2
1a0457fa-6926-4e1a-9e38-3b59cbc09469.methylation_array.sesame.level3betas.npy,2
1a21d7ea-d4db-4665-8e65-4f6abebe3d69.methylation_array.sesame.level3betas.npy,2
1aadba94-9397-4dd6-b8ae-92398158ebbb.methylation_array.sesame.level3betas.npy,2
1bac5867-0094-4224-a749-a1e700d59411.methylation_array.sesame.level3betas.npy,2
1bd0b8f2-2c26-4449-9222-a8a624cdb08a.methylation_array.sesame.level3betas.npy,2
1be86fbd-eafb-441b-9117-43b6525815e5.methylation_array.sesame.level3betas.npy,2
1c7d7204-c624-4786-b6cb-a620d99fea36.methylation_array.sesame.level3betas.npy,2
1c8386fe-ba1a-4d5b-84f5-ea6fec904fbb.methylation_array.sesame.level3betas.npy,2
1cd60e4f-831b-4a00-bf9e-1d5ae984e2fb.methylation_array.sesame.level3betas.npy,2
1d67b51b-7910-4130-bc1a-7365d34f400a.methylation_array.sesame.level3betas.npy,2
1d77e688-28f9-4fa4-970f-2fc48284c6b7.methylation_array.sesame.level3betas.npy,2
1dd74175-3efa-4b68-a25a-959fd79896bd.methylation_array.sesame.level3betas.npy,2
1e679525-3837-4a90-aa59-226485ca0fca.methylation_array.sesame.level3betas.npy,2
1fafe643-c6b9-45c5-ad6c-cb6ddb6d1d34.methylation_array.sesame.level3betas.npy,2
206eeb5c-e681-4dd4-b1e5-c987fd3b9eb6.methylation_array.sesame.level3betas.npy,2
20c27e08-0308-4ac0-a7e6-65b0ab0cbdee.methylation_array.sesame.level3betas.npy,2
20ccd457-3e6c-48db-897d-144ccaa381a9.methylation_array.sesame.level3betas.npy,2
20fea08a-2476-48d2-9680-3492b250fbe9.methylation_array.sesame.level3betas.npy,2
21697faf-f04c-4718-83c9-cbcbb3c5f215.methylation_array.sesame.level3betas.npy,2
21969dfb-67a9-4646-8938-66708afcb1c6.methylation_array.sesame.level3betas.npy,2
21ba6804-286f-4a59-8a86-dcc9637dade3.methylation_array.sesame.level3betas.npy,2
2220f783-838d-4b26-be2a-d6520f83b003.methylation_array.sesame.level3betas.npy,2
241648ce-443d-440e-8dee-f1d497306c99.methylation_array.sesame.level3betas.npy,2
246d11e2-13ed-4b73-a72e-a6924f84eb3f.methylation_array.sesame.level3betas.npy,2
2472e8c7-fc4b-41fe-81f2-667f25b53e90.methylation_array.sesame.level3betas.npy,2
2484f97e-5d08-46ed-80ff-8b1bc7a96f4c.methylation_array.sesame.level3betas.npy,2
2547fc96-4913-4911-96cd-27d8f2e8351f.methylation_array.sesame.level3betas.npy,2
25eb1cc5-cda7-4692-81ea-4e876042531d.methylation_array.sesame.level3betas.npy,2
26d1f5a9-6ecf-42a9-80a0-50ea4509537f.methylation_array.sesame.level3betas.npy,2
2883fe46-9a0d-4c0e-925c-60752a8bf042.methylation_array.sesame.level3betas.npy,2
28f2f52a-7f1c-43e2-982c-3848277d2216.methylation_array.sesame.level3betas.npy,2
28f34bce-eabc-46ca-a7fe-9bf9b4ed562a.methylation_array.sesame.level3betas.npy,2
2a5eec93-97e2-4b95-990a-593070545132.methylation_array.sesame.level3betas.npy,2
2acdbf1b-280e-4309-8c4b-b286db52dbf4.methylation_array.sesame.level3betas.npy,2
2b70bbaf-33dc-4859-a4e6-25a9dc2ef9ee.methylation_array.sesame.level3betas.npy,2
2babd0d7-e812-4351-a619-01b6e251e3a3.methylation_array.sesame.level3betas.npy,2
2c3bae56-a5cf-4aab-b7ff-39624def7877.methylation_array.sesame.level3betas.npy,2
2c8e77bd-66cb-487d-bef9-8704edccaf53.methylation_array.sesame.level3betas.npy,2
2ca0649a-4add-494c-9e93-df5e4a12a798.methylation_array.sesame.level3betas.npy,2
2cff169d-5035-4b73-8c61-1365d97e5c85.methylation_array.sesame.level3betas.npy,2
2d08f88b-7218-4d6e-bd03-652ac1df6b3d.methylation_array.sesame.level3betas.npy,2
2d8038f4-7578-4ccc-b429-3e95003b2f91.methylation_array.sesame.level3betas.npy,2
2d96f9cd-7944-43ad-89ec-76b50031d113.methylation_array.sesame.level3betas.npy,2
2e4bff1e-6cdc-4732-befb-07c47eb70aa8.methylation_array.sesame.level3betas.npy,2
2ef016c2-7006-4de8-a293-9076f7a01ba8.methylation_array.sesame.level3betas.npy,2
2fdaa44d-25f5-4e75-9fa6-394054008cc7.methylation_array.sesame.level3betas.npy,2
304e6260-24b0-4b40-bec7-c87f8527707d.methylation_array.sesame.level3betas.npy,2
30c0af58-e87f-4f97-98f4-e60b5fb8d57c.methylation_array.sesame.level3betas.npy,2
30e99ebf-2d99-48a1-b99a-437b30b2bcb5.methylation_array.sesame.level3betas.npy,2
3198cdb4-e9c8-457f-988e-d202e56ea2e5.methylation_array.sesame.level3betas.npy,2
31a4d548-4866-4261-b931-5e7b1a6bf557.methylation_array.sesame.level3betas.npy,2
3236588d-0d5b-41cb-b4b4-e660636ba9f7.methylation_array.sesame.level3betas.npy,2
328f55d0-75d1-4dbd-a371-b1af512c5d5f.methylation_array.sesame.level3betas.npy,2
32ecce02-73ee-4c1e-909a-09c7fe5c37cb.methylation_array.sesame.level3betas.npy,2
336cb9e1-d911-4c79-bfb7-39dc518e6f98.methylation_array.sesame.level3betas.npy,2
33929ac4-e8b7-4053-979b-683dd70cd3da.methylation_array.sesame.level3betas.npy,2
33f86619-bf02-44ca-9125-bd2fd87a153d.methylation_array.sesame.level3betas.npy,2
3413a885-2d26-40ed-a42c-3cd7fa7dffdc.methylation_array.sesame.level3betas.npy,2
3475ceb6-dc04-4135-97e5-4b71ffa7fbf0.methylation_array.sesame.level3betas.npy,2
3488ee0a-d697-4f6b-b9f7-92ab7d513deb.methylation_array.sesame.level3betas.npy,2
35c7fb22-e1c4-4685-987b-2b288983083b.methylation_array.sesame.level3betas.npy,2
360bc40f-beb3-4650-bdb3-689f1dea5a33.methylation_array.sesame.level3betas.npy,2
365c9a2f-fea2-4dce-8800-7f9593e33b38.methylation_array.sesame.level3betas.npy,2
367f91cc-dc44-46e0-b3b1-ef972721415e.methylation_array.sesame.level3betas.npy,2
37077ce3-a584-47b3-8960-89509ba21db2.methylation_array.sesame.level3betas.npy,2
3849be27-ff87-4391-a922-9d2aa508cebe.methylation_array.sesame.level3betas.npy,2
3878f055-d0ff-4f77-af37-f9348d2a96f3.methylation_array.sesame.level3betas.npy,2
389bcfed-cb23-4695-9cfe-f29a883fdb74.methylation_array.sesame.level3betas.npy,2
394129d1-07e6-4e1b-9736-391c02a6ebfd.methylation_array.sesame.level3betas.npy,2
39f7e869-b979-45f9-9e40-f68dc725bec4.methylation_array.sesame.level3betas.npy,2
3ad9eaea-e448-4df4-a083-c5d3660e3694.methylation_array.sesame.level3betas.npy,2
3b1fed1a-8f91-4c66-bf36-a03905546137.methylation_array.sesame.level3betas.npy,2
3c65ab9d-e4e9-44b2-a015-41e8f399ed65.methylation_array.sesame.level3betas.npy,2
3c8e556e-79bd-4a0c-b386-028fca79a51e.methylation_array.sesame.level3betas.npy,2
3d09baf8-8a36-4554-a646-1bc114636bcd.methylation_array.sesame.level3betas.npy,2
3d5b27b2-d33c-49b7-b1d1-d1d06e13e893.methylation_array.sesame.level3betas.npy,2
3e645745-0b44-4b5b-8812-2eedff3a8707.methylation_array.sesame.level3betas.npy,2
3f96d915-88aa-420b-b707-836e39c15d97.methylation_array.sesame.level3betas.npy,2
40f18a16-93e3-4496-87cc-7791089f6fff.methylation_array.sesame.level3betas.npy,2
41718445-f45d-4647-a1d5-006fce7dba56.methylation_array.sesame.level3betas.npy,2
41df51e6-89f8-4eee-8b0c-f214870aad4e.methylation_array.sesame.level3betas.npy,2
4216c3ab-916f-4880-a5a6-2d17084bb4e6.methylation_array.sesame.level3betas.npy,2
427e216c-8767-451b-97aa-743a82d123dd.methylation_array.sesame.level3betas.npy,2
432eec92-4594-4b0c-b513-8b7b883a15f7.methylation_array.sesame.level3betas.npy,2
437b4039-1401-42cc-810d-cacc86fecd8d.methylation_array.sesame.level3betas.npy,2
43e2b998-3ead-40bb-a952-bac123fa6a7f.methylation_array.sesame.level3betas.npy,2
44a99f95-ac74-48dd-95a1-5ce39b2c974c.methylation_array.sesame.level3betas.npy,2
45cfdb7e-197a-48ee-8132-3b60adf4aeb8.methylation_array.sesame.level3betas.npy,2
467e62a3-804d-40d7-ae9c-4ccc61281c93.methylation_array.sesame.level3betas.npy,2
46bc6f31-c420-4c83-a29b-b43583731245.methylation_array.sesame.level3betas.npy,2
46e44ddb-acc6-46e1-b9cf-39a823721b62.methylation_array.sesame.level3betas.npy,2
49178262-b4d2-419c-869a-202241479968.methylation_array.sesame.level3betas.npy,2
49450ecf-8214-425b-a0b6-bd9de0c8808a.methylation_array.sesame.level3betas.npy,2
497134fb-d3f7-4230-9285-435cfa7d802b.methylation_array.sesame.level3betas.npy,2
499ef1b4-7a63-49fa-bb16-14415584b681.methylation_array.sesame.level3betas.npy,2
49a1d135-92a7-47bf-94df-9379ea4764a5.methylation_array.sesame.level3betas.npy,2
4b6d89ba-34fe-4493-9dd3-0a1edc8b0dca.methylation_array.sesame.level3betas.npy,2
4b73a47e-3982-46be-afc8-589bfe1a5e89.methylation_array.sesame.level3betas.npy,2
4bad8b32-08ef-43cc-a49f-75cba5bd53d1.methylation_array.sesame.level3betas.npy,2
4bbd672d-a10d-4f26-835b-42902d8feacb.methylation_array.sesame.level3betas.npy,2
4bd5cf02-a8db-42fa-b1e8-47af1f6a4160.methylation_array.sesame.level3betas.npy,2
4c292a30-e9bd-4a7c-a624-8bd662d58ddb.methylation_array.sesame.level3betas.npy,2
4c34bbbe-e2b6-445b-992e-69410816bc2b.methylation_array.sesame.level3betas.npy,2
4cb87cc4-03c6-4919-86a7-3d1e0242788c.methylation_array.sesame.level3betas.npy,2
4ce22bf2-53ba-4afd-890e-fbd6afba8750.methylation_array.sesame.level3betas.npy,2
4d2b9cb5-09ea-47f2-9df6-05976e488f8f.methylation_array.sesame.level3betas.npy,2
4d485732-58a9-47ea-94c3-11db1c258ba9.methylation_array.sesame.level3betas.npy,2
4d892f54-0af1-4000-ad8f-5e23bebb5eb0.methylation_array.sesame.level3betas.npy,2
4dbbcf2d-5df6-4e70-8a4c-961b25f4f0a2.methylation_array.sesame.level3betas.npy,2
4e048fc4-24fc-4ca9-8c52-0ff772c292d4.methylation_array.sesame.level3betas.npy,2
4e667eda-1b79-416b-81a7-f9697e9f211c.methylation_array.sesame.level3betas.npy,2
4fade5f6-7f3a-4727-8a4b-4f7d2ac39256.methylation_array.sesame.level3betas.npy,2
5027b528-ada0-4dfa-a230-a9130a3d0ed0.methylation_array.sesame.level3betas.npy,2
5041729b-2f4d-4679-9b36-5d98f0c049b0.methylation_array.sesame.level3betas.npy,2
5109dbed-397b-4bc4-a13b-8c00af6f14f7.methylation_array.sesame.level3betas.npy,2
51b608d3-b26d-4a29-95e1-1e05c6688733.methylation_array.sesame.level3betas.npy,2
5203fa81-734f-46d7-a09f-191cc82f4c46.methylation_array.sesame.level3betas.npy,2
52065382-7c98-4bd5-9357-6ea0741224fa.methylation_array.sesame.level3betas.npy,2
5262dad7-f7ee-45c5-89cd-a5e7a84268a6.methylation_array.sesame.level3betas.npy,2
52ec8823-a7e2-4017-bf52-042b96bca044.methylation_array.sesame.level3betas.npy,2
53434527-f9f2-49cd-a01d-9aad6e40bbc6.methylation_array.sesame.level3betas.npy,2
53cc6897-ffe9-445c-9824-c6de033a16d7.methylation_array.sesame.level3betas.npy,2
5435b168-2dad-4fea-8a03-0385241c72b7.methylation_array.sesame.level3betas.npy,2
5443150a-6fd4-4228-ad4a-160c852a53e3.methylation_array.sesame.level3betas.npy,2
56981531-f6ad-436a-adeb-0816b90b7928.methylation_array.sesame.level3betas.npy,2
56dff7fe-7a0e-4848-af52-f02948381692.methylation_array.sesame.level3betas.npy,2
575b8189-663c-48c4-89a2-d790ece901ec.methylation_array.sesame.level3betas.npy,2
580d1227-5396-4dab-8ae1-ee6a9f3d314b.methylation_array.sesame.level3betas.npy,2
580e478d-985d-40b4-896c-ea9ed36dc992.methylation_array.sesame.level3betas.npy,2
58363515-bff4-4598-a332-5fe19f87d16a.methylation_array.sesame.level3betas.npy,2
58425440-477f-4503-9236-08dc2617cd68.methylation_array.sesame.level3betas.npy,2
5902769a-2d85-42f1-bee6-0bde4e3edf70.methylation_array.sesame.level3betas.npy,2
5989cc5a-15e2-41dd-9974-76d801c544a8.methylation_array.sesame.level3betas.npy,2
5ad4f920-1087-4b80-bf5a-2c1f002500ce.methylation_array.sesame.level3betas.npy,2
5c983ad5-a058-429c-a614-ca69e4e209ae.methylation_array.sesame.level3betas.npy,2
5da0a306-2bca-4e9d-96b1-c44677c00dfc.methylation_array.sesame.level3betas.npy,2
5db9c9e9-28d3-40b3-9255-b11c580f0c05.methylation_array.sesame.level3betas.npy,2
5dfa6a92-df63-4909-9f75-b930dd6fd70f.methylation_array.sesame.level3betas.npy,2
5e98de37-ad84-4516-8c4a-4497a2fef92a.methylation_array.sesame.level3betas.npy,2
5f05f051-2b1d-4417-8799-541f30d704a8.methylation_array.sesame.level3betas.npy,2
5f064d9e-9bf2-4272-8269-7ece32c19254.methylation_array.sesame.level3betas.npy,2
5fbc1e69-6a22-48f7-87fb-6d8057158189.methylation_array.sesame.level3betas.npy,2
60c1a409-e884-4be8-9bbb-a9521d5e718f.methylation_array.sesame.level3betas.npy,2
62800f98-3e1e-4dd1-ac48-7435f4d36c58.methylation_array.sesame.level3betas.npy,2
6334d9f8-0ac9-4e13-a144-f27331429563.methylation_array.sesame.level3betas.npy,2
63490272-a481-4b04-bfe2-5a02f20cb338.methylation_array.sesame.level3betas.npy,2
64985600-88cd-4e13-9efa-3ad4c3217b90.methylation_array.sesame.level3betas.npy,2
649b3e0f-134e-41ac-bd38-ea8ec19db94a.methylation_array.sesame.level3betas.npy,2
64d0941a-e8e8-40b8-a462-3765f4f91e19.methylation_array.sesame.level3betas.npy,2
6538819b-e10f-4f7e-912d-47cd3f776a23.methylation_array.sesame.level3betas.npy,2
6549137c-0253-4c9e-adc9-ac252be0a624.methylation_array.sesame.level3betas.npy,2
655137b9-a9dc-4eba-9ebf-db2e38ee7813.methylation_array.sesame.level3betas.npy,2
6551fd76-2187-4111-b7ae-eba349ad990c.methylation_array.sesame.level3betas.npy,2
656f70de-24c3-4034-bbab-a878730237ed.methylation_array.sesame.level3betas.npy,2
65a2d8b8-3047-42e0-b953-db2c959514b0.methylation_array.sesame.level3betas.npy,2
65b856e7-7735-4f95-8641-643661a57ff7.methylation_array.sesame.level3betas.npy,2
65d08854-d66b-479b-9358-aa457b2b3c98.methylation_array.sesame.level3betas.npy,2
66bc8735-8e2f-4745-a40b-e00ced127d86.methylation_array.sesame.level3betas.npy,2
6728cf3c-f090-4539-9db8-76bde5a11976.methylation_array.sesame.level3betas.npy,2
68c28c57-780a-413f-b7e6-489f3a1b4a10.methylation_array.sesame.level3betas.npy,2
68e6396b-0faf-4098-b129-5cd8391bc02e.methylation_array.sesame.level3betas.npy,2
69689708-bd95-41ed-8f1d-e8e51a8e819f.methylation_array.sesame.level3betas.npy,2
6977679e-8332-49ff-91b4-63545f02befa.methylation_array.sesame.level3betas.npy,2
69875364-f6a6-4581-94f5-74b7c12a8f28.methylation_array.sesame.level3betas.npy,2
69e26b19-4589-4a1a-bea7-edc77b92e818.methylation_array.sesame.level3betas.npy,2
6a165769-4bfe-4998-8ce5-2cd8c9a9e39b.methylation_array.sesame.level3betas.npy,2
6af2f578-7fd1-4a85-8e5d-27678cc8ad74.methylation_array.sesame.level3betas.npy,2
6c450d85-5ebd-42c0-8fd8-20e7f803fa13.methylation_array.sesame.level3betas.npy,2
6d171a7a-40ba-408c-b7b0-302d32fe730c.methylation_array.sesame.level3betas.npy,2
6e454651-5659-44c2-82ce-0ea6af1de725.methylation_array.sesame.level3betas.npy,2
6e47222a-b3db-49dc-a647-4981588c18fa.methylation_array.sesame.level3betas.npy,2
6ecf2b39-427f-456d-835b-49f5e9666941.methylation_array.sesame.level3betas.npy,2
6f20edcc-1d24-442d-94d8-dce7ae80214e.methylation_array.sesame.level3betas.npy,2
6fb011d9-7ee3-4e2f-b4e9-35501cbe4d8d.methylation_array.sesame.level3betas.npy,2
711fa1d7-15fa-4fdb-b9fa-ffdd3e728f86.methylation_array.sesame.level3betas.npy,2
718a991e-cd78-44e9-beb3-aef1de664506.methylation_array.sesame.level3betas.npy,2
7246faee-6930-4b1c-9d3b-5c218b7ee81d.methylation_array.sesame.level3betas.npy,2
72486297-d6ec-415a-afc0-880266f9b97a.methylation_array.sesame.level3betas.npy,2
724f0f6a-82b4-4015-89ca-54e082346179.methylation_array.sesame.level3betas.npy,2
729f609e-a43b-475f-876e-11cd56efe29b.methylation_array.sesame.level3betas.npy,2
731b375f-4df7-4c92-b3bd-cd3083e2ab30.methylation_array.sesame.level3betas.npy,2
7321eaed-a7a5-4aa3-9ced-128d599644b3.methylation_array.sesame.level3betas.npy,2
73c2a429-689f-458e-85b0-81416a4c4ab1.methylation_array.sesame.level3betas.npy,2
74045361-5725-4284-abe0-60297ec692bb.methylation_array.sesame.level3betas.npy,2
741cec71-b342-4166-a2af-6c61ed425e06.methylation_array.sesame.level3betas.npy,2
74b20c2c-d520-4edd-acfb-03894f2db88d.methylation_array.sesame.level3betas.npy,2
74eccc1a-ffd1-405b-bd53-27f22792c43d.methylation_array.sesame.level3betas.npy,2
7551de4f-93c6-4799-bd6e-427510027499.methylation_array.sesame.level3betas.npy,2
76dde276-52b4-4890-bfcb-a23c1f728c96.methylation_array.sesame.level3betas.npy,2
77743931-9c13-4b34-9818-3d1986ce32d3.methylation_array.sesame.level3betas.npy,2
7869ac32-60e0-4af2-bb17-1cc24149cabe.methylation_array.sesame.level3betas.npy,2
786f7cf8-ed9b-4872-949a-ac859f27e092.methylation_array.sesame.level3betas.npy,2
7883ec63-f038-4faa-b03f-e92f0496a29d.methylation_array.sesame.level3betas.npy,2
78c210b2-9e3f-460d-8e55-e265b56b3498.methylation_array.sesame.level3betas.npy,2
79265802-a87a-4592-9e07-a32166cb433b.methylation_array.sesame.level3betas.npy,2
796040e1-5e40-4b8d-9d47-13c9de2ef795.methylation_array.sesame.level3betas.npy,2
7a84bb65-0224-4a14-a6f8-e75cd9f60b25.methylation_array.sesame.level3betas.npy,2
7addf293-1482-497e-8ff8-8264b6eda9d0.methylation_array.sesame.level3betas.npy,2
7b74375d-c523-48dc-8f88-871205824202.methylation_array.sesame.level3betas.npy,2
7c81fb8b-c051-42ad-b8ae-1f7312397a41.methylation_array.sesame.level3betas.npy,2
7ca70e3a-fd9d-4681-a537-7f8f998d5e2e.methylation_array.sesame.level3betas.npy,2
7cd986f0-2e5c-4a59-8757-c1129cbe5376.methylation_array.sesame.level3betas.npy,2
7ef18678-66e5-473d-b181-a749085edd0e.methylation_array.sesame.level3betas.npy,2
7ef21971-983c-4411-b4aa-37f792fdcf30.methylation_array.sesame.level3betas.npy,2
7f64069d-addb-4c3d-9dad-33fc82166ea7.methylation_array.sesame.level3betas.npy,2
7fbd3aa5-7ff4-4232-aed8-9afbccf4f49b.methylation_array.sesame.level3betas.npy,2
800f30ee-1f25-4c9e-ba01-5344a7fb5e4b.methylation_array.sesame.level3betas.npy,2
805ef19f-fa44-4568-9885-830c0721a222.methylation_array.sesame.level3betas.npy,2
8069edfa-af45-4216-be83-97cc9ab802c9.methylation_array.sesame.level3betas.npy,2
80be5a6c-34c5-426a-bed5-54f4677214c2.methylation_array.sesame.level3betas.npy,2
80ccd43c-a088-4716-9261-382062ffaf97.methylation_array.sesame.level3betas.npy,2
81742385-8b31-4db4-93b5-683fe3a92200.methylation_array.sesame.level3betas.npy,2
82a4d4e6-33af-49b5-b8f5-0aecf4189a82.methylation_array.sesame.level3betas.npy,2
836122be-a3c7-4c7f-aa0b-3a93f936cc8b.methylation_array.sesame.level3betas.npy,2
83acac86-ebf8-44cc-bbe0-ff21d8372f3d.methylation_array.sesame.level3betas.npy,2
84711c62-4d44-47a8-a812-a2cfb5ab6a3c.methylation_array.sesame.level3betas.npy,2
861bf29a-37a7-426b-a0e3-e215adbd0693.methylation_array.sesame.level3betas.npy,2
877626ac-c991-43ab-8502-0bb13216dcf6.methylation_array.sesame.level3betas.npy,2
87e261d4-36dc-4786-90f2-8697a5e840ca.methylation_array.sesame.level3betas.npy,2
8830bf0f-8ee9-4fd7-8091-1a0f7e0058fd.methylation_array.sesame.level3betas.npy,2
88555137-79bc-4d92-a9db-6fb523392763.methylation_array.sesame.level3betas.npy,2
88585781-732c-4184-b6e2-bee39fcf88c0.methylation_array.sesame.level3betas.npy,2
89371eb5-6d7b-478d-9e23-bc7c8883fe57.methylation_array.sesame.level3betas.npy,2
89915b89-3e8e-49da-bb90-886cfb286594.methylation_array.sesame.level3betas.npy,2
8a2a8f32-f5cd-4af6-bb40-7c883608c771.methylation_array.sesame.level3betas.npy,2
8a79c1f8-3043-42d0-b86d-02c9a26e0318.methylation_array.sesame.level3betas.npy,2
8b1f14a4-0c21-4a02-829f-16b32a9b1164.methylation_array.sesame.level3betas.npy,2
8b8f18bd-e906-4f04-83b3-2aeaa307e881.methylation_array.sesame.level3betas.npy,2
8bea82c6-0e7f-49d3-9458-31bb9ad57f72.methylation_array.sesame.level3betas.npy,2
8c208aa6-7c8b-4795-81e9-857e4bcb32f0.methylation_array.sesame.level3betas.npy,2
8c96e75f-f93c-4d83-90f2-64c8d1405b8f.methylation_array.sesame.level3betas.npy,2
8d3187bf-e32b-403f-9a56-c35727dbab63.methylation_array.sesame.level3betas.npy,2
8dd40d98-8df5-4f07-966a-398015cb180f.methylation_array.sesame.level3betas.npy,2
8ec73e16-1a4c-4f22-8d38-3fb72009cb4e.methylation_array.sesame.level3betas.npy,2
8f1674c7-ef39-4e5a-ba26-586c8de428a9.methylation_array.sesame.level3betas.npy,2
8f2ee03a-6328-41df-bad4-e6df8b490e97.methylation_array.sesame.level3betas.npy,2
90dda0e0-ab0c-47e1-a19e-31b14e385e5f.methylation_array.sesame.level3betas.npy,2
90e0a06f-3f2d-4d8f-ab23-0b6a31a475f5.methylation_array.sesame.level3betas.npy,2
91d6925c-5d71-4c7d-b723-edb9fe5a702d.methylation_array.sesame.level3betas.npy,2
9253c5e2-657c-472d-a5fb-3ad41e5bb217.methylation_array.sesame.level3betas.npy,2
926dc5c8-c0b5-43d0-94da-fabb06a3cd05.methylation_array.sesame.level3betas.npy,2
93208c07-9007-4190-b190-443e7f9d51af.methylation_array.sesame.level3betas.npy,2
932ee228-0f74-45db-880c-fccf5aee4b33.methylation_array.sesame.level3betas.npy,2
93455552-faf2-411d-ad18-227a357d858d.methylation_array.sesame.level3betas.npy,2
94084d08-b883-4533-b87f-efa6151e74a4.methylation_array.sesame.level3betas.npy,2
9417e43f-68de-4ec6-9fc3-f2bf47f554c1.methylation_array.sesame.level3betas.npy,2
942ae544-4bb0-4c71-880b-4a538e98e16d.methylation_array.sesame.level3betas.npy,2
94ed025b-be11-4629-bb65-deab95abe578.methylation_array.sesame.level3betas.npy,2
9513bbed-66bb-412c-baf7-8f4383740800.methylation_array.sesame.level3betas.npy,2
9542d8c4-87a1-4e7b-9d03-2c1784b3c252.methylation_array.sesame.level3betas.npy,2
9547c1a9-1990-4f92-a722-71c379a2783e.methylation_array.sesame.level3betas.npy,2
95531583-7ddb-4525-9e56-06bebbaf2fcc.methylation_array.sesame.level3betas.npy,2
95a5acd8-698a-444e-beaa-5e38482212e5.methylation_array.sesame.level3betas.npy,2
95f47779-b2bf-443c-ba43-85430068fbb4.methylation_array.sesame.level3betas.npy,2
9626adf3-8332-40b1-bbc3-a358bd4e04a7.methylation_array.sesame.level3betas.npy,2
962d8602-ea58-4293-b2e8-81dd1fcd1009.methylation_array.sesame.level3betas.npy,2
96622cf7-a789-4daa-9338-0644de5e4ea7.methylation_array.sesame.level3betas.npy,2
9689a7ba-1deb-4b58-9e0f-79052e8c15ee.methylation_array.sesame.level3betas.npy,2
96a6d422-c9b5-4f84-b16a-a494a5523810.methylation_array.sesame.level3betas.npy,2
96d1a400-fc65-465f-af06-4c948a9cd8ef.methylation_array.sesame.level3betas.npy,2
97577eda-2ab4-4b4b-87a9-6bff608c8715.methylation_array.sesame.level3betas.npy,2
97fb3c3b-9859-424a-b212-22be891794db.methylation_array.sesame.level3betas.npy,2
98720d04-bfab-4fd1-8cde-69de6f326012.methylation_array.sesame.level3betas.npy,2
98e56e35-9b4a-4fbc-b909-4e7c5c799dcf.methylation_array.sesame.level3betas.npy,2
994059a0-a160-4b6a-9efc-19884607abac.methylation_array.sesame.level3betas.npy,2
998d73d1-5c58-43c6-bf75-2531ea5351c3.methylation_array.sesame.level3betas.npy,2
999fd70d-08e6-4438-98a6-79f72cbefd8d.methylation_array.sesame.level3betas.npy,2
9a4faf1d-626f-4102-9bec-d09bbbcaaa05.methylation_array.sesame.level3betas.npy,2
9a51762c-342a-49ff-a414-a22ddcafce4b.methylation_array.sesame.level3betas.npy,2
9bc64b92-cb5f-49e1-9ac1-4d1974e3ad62.methylation_array.sesame.level3betas.npy,2
9bde076a-d695-4606-a4a2-0975f6536821.methylation_array.sesame.level3betas.npy,2
9c1d2b14-3e9e-42b7-a738-13597afdc220.methylation_array.sesame.level3betas.npy,2
9c5d8749-49a6-4e6d-b584-e9f304181b94.methylation_array.sesame.level3betas.npy,2
9c702c57-599f-4380-b881-102900d55887.methylation_array.sesame.level3betas.npy,2
9cbe4589-4923-4492-96cd-8b4936a49104.methylation_array.sesame.level3betas.npy,2
9cedeba6-d93f-4328-8f03-2bbe09b67c63.methylation_array.sesame.level3betas.npy,2
9d442860-b054-4daa-8887-85f825e2078b.methylation_array.sesame.level3betas.npy,2
9e53d9af-d524-441d-a1ec-f1e945210cd9.methylation_array.sesame.level3betas.npy,2
9e67e06e-395e-4035-bbd5-7ef8425813a6.methylation_array.sesame.level3betas.npy,2
9e8dc4b8-e6f7-4a8f-a8aa-61ad5b9bfc06.methylation_array.sesame.level3betas.npy,2
9ebd2924-103e-418e-83fb-7ccbd94baf41.methylation_array.sesame.level3betas.npy,2
9ef1f04d-0093-4d42-a110-e9536277ba7a.methylation_array.sesame.level3betas.npy,2
9fb02643-7edc-482c-a707-c128a6beffa3.methylation_array.sesame.level3betas.npy,2
a07f0192-6ff7-4ce3-a53b-352a3f6952ce.methylation_array.sesame.level3betas.npy,2
a09d9582-5338-4f8e-bf3d-5bb981c70da8.methylation_array.sesame.level3betas.npy,2
a0c65f09-0a6d-4206-92f4-a95185edbd29.methylation_array.sesame.level3betas.npy,2
a16473d0-ea0d-49a9-9d5a-1f987679c69f.methylation_array.sesame.level3betas.npy,2
a1da5507-a668-4d6f-93a8-ec2e9658a32d.methylation_array.sesame.level3betas.npy,2
a278eaf3-02dc-4b34-b020-639155e47708.methylation_array.sesame.level3betas.npy,2
a4462876-ef45-4cdd-84a1-a3245fdc3a39.methylation_array.sesame.level3betas.npy,2
a489196a-ed24-4c37-980a-39bafc4668cd.methylation_array.sesame.level3betas.npy,2
a4a61b44-ee89-4ce6-a31a-3d1349446200.methylation_array.sesame.level3betas.npy,2
a4e16391-120c-4811-b53b-5cd13c8ae0fa.methylation_array.sesame.level3betas.npy,2
a56e2d75-a386-4ca1-8fe8-0e8f43f2541b.methylation_array.sesame.level3betas.npy,2
a6e6322d-d288-4e7a-a93c-bdb46e10c002.methylation_array.sesame.level3betas.npy,2
a719f2bd-aa07-466a-bf67-4434c8c78b03.methylation_array.sesame.level3betas.npy,2
a75cd026-577a-4c80-b261-faea055dc28f.methylation_array.sesame.level3betas.npy,2
a7980f6e-cf6f-4aad-907a-ac616586cf92.methylation_array.sesame.level3betas.npy,2
aa779765-4e43-4b65-a681-235c20649ef3.methylation_array.sesame.level3betas.npy,2
aab82fad-3158-4c15-9ced-8c55b0c1174a.methylation_array.sesame.level3betas.npy,2
ab3a2db9-8e82-4515-8e48-e7b0adaf074e.methylation_array.sesame.level3betas.npy,2
ab3d5a55-3070-4782-b526-dac4e279b8fc.methylation_array.sesame.level3betas.npy,2
ab4931e1-7f22-4b18-be68-f888f67dc2ed.methylation_array.sesame.level3betas.npy,2
ab75534f-f96d-4b9b-8b33-10926795bcc7.methylation_array.sesame.level3betas.npy,2
abb24177-2c98-46a6-b26d-d04de1e562cd.methylation_array.sesame.level3betas.npy,2
ac47a482-cf1a-4dd9-9486-ca84a40d41e0.methylation_array.sesame.level3betas.npy,2
ac7e795e-7a67-4afd-b554-cf1385a2c640.methylation_array.sesame.level3betas.npy,2
acc7cd3b-7ca1-424f-add6-0b158d0b1347.methylation_array.sesame.level3betas.npy,2
ad9b5068-0f7a-4a49-adb1-e3fb51b7f757.methylation_array.sesame.level3betas.npy,2
ae650bfb-1436-4822-8a07-f1ba07e02549.methylation_array.sesame.level3betas.npy,2
aec5e273-e30f-491d-86f2-6392bd573c2f.methylation_array.sesame.level3betas.npy,2
af5416d9-9ac5-4fce-83fe-8175d759f033.methylation_array.sesame.level3betas.npy,2
afcfc2b1-edf1-41da-b99c-ee721db28acf.methylation_array.sesame.level3betas.npy,2
afd02ce7-8542-4fa0-b4a7-9479b2ebfc70.methylation_array.sesame.level3betas.npy,2
b0800975-7299-479a-8299-9f1d41d443c8.methylation_array.sesame.level3betas.npy,2
b17ce633-3218-4637-837e-316f70364e48.methylation_array.sesame.level3betas.npy,2
b1a3c3aa-332c-4fb5-a87e-8adbbe5e7996.methylation_array.sesame.level3betas.npy,2
b1f76586-0df9-4eca-aad2-e1140976b7e7.methylation_array.sesame.level3betas.npy,2
b302dcd1-21ab-400c-8d37-783b4c354b15.methylation_array.sesame.level3betas.npy,2
b30b32ed-2d37-4719-b911-abf25f1e8046.methylation_array.sesame.level3betas.npy,2
b3514002-2155-4b25-ae4a-33c2e7fc2b33.methylation_array.sesame.level3betas.npy,2
b35e85a0-4904-44be-b814-3f1bd731c3ca.methylation_array.sesame.level3betas.npy,2
b3b8dbdb-3446-439b-92e0-430d116d73da.methylation_array.sesame.level3betas.npy,2
b3d00e30-7632-4533-bb74-652947a9a45a.methylation_array.sesame.level3betas.npy,2
b3e7c8e9-9a3c-4ee5-8464-622ce2dfe4d5.methylation_array.sesame.level3betas.npy,2
b5120314-669d-4846-97aa-e9911f15b345.methylation_array.sesame.level3betas.npy,2
b5619f18-71e2-41cb-a3cb-0b31a55b9894.methylation_array.sesame.level3betas.npy,2
b57e739e-fcdf-4f46-9fd0-eb4aa586f08f.methylation_array.sesame.level3betas.npy,2
b79e193b-15ba-415f-a15b-8de11e82ec64.methylation_array.sesame.level3betas.npy,2
b88f4303-17a8-4967-9d69-a1853a57de51.methylation_array.sesame.level3betas.npy,2
b8e2b958-7f02-45cb-bb43-5d78dfadec1b.methylation_array.sesame.level3betas.npy,2
b8f7f32e-d32d-4695-bdd9-466eb4a03a9b.methylation_array.sesame.level3betas.npy,2
b939e1bc-7ffb-43bb-8e35-ab0ad2846b7d.methylation_array.sesame.level3betas.npy,2
b993910a-73e1-4d46-b8bc-486325faf69d.methylation_array.sesame.level3betas.npy,2
ba7e1a5f-6ac0-4986-9d98-39a1ac4d1965.methylation_array.sesame.level3betas.npy,2
bbd12299-a21c-4539-b84e-ae809b16a1f0.methylation_array.sesame.level3betas.npy,2
bc8bea15-e0ae-4010-9e16-8975fbcfe549.methylation_array.sesame.level3betas.npy,2
bc8cc1fd-50aa-4a23-911d-7b8795a853b0.methylation_array.sesame.level3betas.npy,2
be75eb43-2d9b-4308-8849-e60c711a6264.methylation_array.sesame.level3betas.npy,2
bec86598-9fcd-410e-80dc-0c6790e0242e.methylation_array.sesame.level3betas.npy,2
c087c018-5bd2-4e2c-94c9-738298bec59a.methylation_array.sesame.level3betas.npy,2
c0934947-4d58-44e0-9326-75e56d65d8ea.methylation_array.sesame.level3betas.npy,2
c0bed04c-7101-4faa-a757-7c34583414d2.methylation_array.sesame.level3betas.npy,2
c139e121-e735-47d2-b26e-19d5fd6f47be.methylation_array.sesame.level3betas.npy,2
c277baa4-11fc-4870-a3d5-cd22272f0668.methylation_array.sesame.level3betas.npy,2
c28b85bb-5ad0-4954-9a92-83a2dd167b1e.methylation_array.sesame.level3betas.npy,2
c3b5271b-f601-476d-8132-45f754f4441d.methylation_array.sesame.level3betas.npy,2
c41ab59e-3567-4f39-bb5a-8ae3440ffc39.methylation_array.sesame.level3betas.npy,2
c43d6205-13a2-434f-b38f-d128b002ec11.methylation_array.sesame.level3betas.npy,2
c4535fa0-bdae-4969-a687-9c86599ba634.methylation_array.sesame.level3betas.npy,2
c47dfc4c-cf7e-46d1-8475-5da6107992db.methylation_array.sesame.level3betas.npy,2
c481acd4-4f35-42a3-8b6c-1b886c30afe8.methylation_array.sesame.level3betas.npy,2
c593216b-7b81-4b33-aa37-709f87ef55cb.methylation_array.sesame.level3betas.npy,2
c5cbbdf4-ff31-4c1b-b1e9-234911ee7e32.methylation_array.sesame.level3betas.npy,2
c62fbf19-cafc-4697-8d8d-a598dd6bde1c.methylation_array.sesame.level3betas.npy,2
c6718c81-c668-482d-b8b4-2a7147833de1.methylation_array.sesame.level3betas.npy,2
c6b888bd-159c-40fc-852b-94213bedb9a3.methylation_array.sesame.level3betas.npy,2
c6dd6955-115d-40aa-874d-8f32bf8cfce7.methylation_array.sesame.level3betas.npy,2
c8ce5177-c7c0-47ce-b4cb-835b7b755221.methylation_array.sesame.level3betas.npy,2
c938e0d6-888f-46b2-8aae-30144bbab19e.methylation_array.sesame.level3betas.npy,2
c9f09527-c583-40a4-bed0-8923ba3cc4f2.methylation_array.sesame.level3betas.npy,2
ca83c19b-c2f3-4e63-b20f-e6d3cb80efd0.methylation_array.sesame.level3betas.npy,2
cac7d10c-172d-425b-8c28-d19c63936dd5.methylation_array.sesame.level3betas.npy,2
cb1b0af3-06f9-4eb9-ad13-8e2aee13a7ca.methylation_array.sesame.level3betas.npy,2
cb27262e-46c2-4477-b87d-5a73ba002ac3.methylation_array.sesame.level3betas.npy,2
cb6fd761-e48e-4f04-a716-ad3f3efdd389.methylation_array.sesame.level3betas.npy,2
cbabcefd-1ea3-4aad-a7db-7ee31d11ec99.methylation_array.sesame.level3betas.npy,2
cbaf6a25-5296-4641-8134-4057536d718b.methylation_array.sesame.level3betas.npy,2
cc54bce0-ea00-4834-a2fc-f7ce29254779.methylation_array.sesame.level3betas.npy,2
cc5ed6ef-a53e-4215-90df-409d6527038a.methylation_array.sesame.level3betas.npy,2
cdb96d5a-4704-4a21-8dee-39224f66c959.methylation_array.sesame.level3betas.npy,2
ce29ae5f-0f3a-4b60-8d70-4957c05e8fc6.methylation_array.sesame.level3betas.npy,2
ce3f4788-2ca8-45f5-8016-ada96a22e43a.methylation_array.sesame.level3betas.npy,2
ce91fdea-5761-49b0-a229-76d4a6a14f73.methylation_array.sesame.level3betas.npy,2
cef8b892-5bea-42c3-be7b-6369a501945e.methylation_array.sesame.level3betas.npy,2
d0c52863-dbf5-4bfa-a6e7-efeff979a5cf.methylation_array.sesame.level3betas.npy,2
d0d178b5-f1e9-4b4c-a100-e80a6d945dbd.methylation_array.sesame.level3betas.npy,2
d0d74eb2-3ffb-4fb0-b2b8-2103cff995d2.methylation_array.sesame.level3betas.npy,2
d179d610-6b46-46cc-ad39-a7b05e634d9d.methylation_array.sesame.level3betas.npy,2
d21c20ab-b09d-4d0b-9b7c-7eb992c4e660.methylation_array.sesame.level3betas.npy,2
d28d554b-5d1b-441c-9e5f-bf23938bb1fc.methylation_array.sesame.level3betas.npy,2
d2e4ff2a-68f1-46df-823d-73d344728e50.methylation_array.sesame.level3betas.npy,2
d2ea0bb3-5d0c-49f7-a860-0ccf306b7c14.methylation_array.sesame.level3betas.npy,2
d3540ab1-4992-4a79-8463-5c6df26e36e3.methylation_array.sesame.level3betas.npy,2
d44b1eaf-6b94-4351-b8b2-47a67f86ee20.methylation_array.sesame.level3betas.npy,2
d491f3c9-2a24-4e05-8dfd-abdc784ae6a6.methylation_array.sesame.level3betas.npy,2
d4b88c4b-f802-4aa8-bb96-d046454caa3b.methylation_array.sesame.level3betas.npy,2
d5d76246-b099-45b9-9fc3-5ddc0b72e3bf.methylation_array.sesame.level3betas.npy,2
d5f5e383-62dd-4943-90d9-6c0fac51ceab.methylation_array.sesame.level3betas.npy,2
d604a522-3b50-44d8-966c-317741702557.methylation_array.sesame.level3betas.npy,2
d676876b-b3c8-4252-8423-e76116526c7e.methylation_array.sesame.level3betas.npy,2
d76bf7b3-7a3b-480a-b7fc-db6b1dc6d4e5.methylation_array.sesame.level3betas.npy,2
d79091ad-8bbe-4c9a-a454-eff4e51b6a04.methylation_array.sesame.level3betas.npy,2
d904ad99-eec5-4170-ae22-fd340a82171a.methylation_array.sesame.level3betas.npy,2
daedf0fe-b9a9-4f25-89aa-de54e6ce3685.methylation_array.sesame.level3betas.npy,2
dcab8a1c-dc5e-4eaa-a9d2-4276749ebe3f.methylation_array.sesame.level3betas.npy,2
dd37bb2e-1228-4bd7-a966-30a8c1cf7c2f.methylation_array.sesame.level3betas.npy,2
dde973ef-b428-49a6-a187-979a50ee4603.methylation_array.sesame.level3betas.npy,2
df57cd54-7a8e-44ae-8b5f-036ca9bd32db.methylation_array.sesame.level3betas.npy,2
df70262c-254b-49a1-a6a2-8cecebfc3b3b.methylation_array.sesame.level3betas.npy,2
df96c79c-9c4d-4816-87d6-94b512c30548.methylation_array.sesame.level3betas.npy,2
dfec6f87-4254-4979-b357-a7ea5e1875f8.methylation_array.sesame.level3betas.npy,2
e0400a65-b975-4052-8d21-bf362910554b.methylation_array.sesame.level3betas.npy,2
e09ef8a1-c203-4912-acba-681d7f94287c.methylation_array.sesame.level3betas.npy,2
e0c5488b-b988-4150-9d8a-08bc693d40c4.methylation_array.sesame.level3betas.npy,2
e1611cd5-77f5-409d-b8ed-66d5bdad39c3.methylation_array.sesame.level3betas.npy,2
e23d2c5b-8932-43eb-b27e-38b3f919a02b.methylation_array.sesame.level3betas.npy,2
e2c88b93-a6db-4b49-9c72-2bfe8878c444.methylation_array.sesame.level3betas.npy,2
e2f0b2ca-8ebf-4445-89d6-28d1d9b49857.methylation_array.sesame.level3betas.npy,2
e3416c46-fab8-4d77-8efe-998ec92422f8.methylation_array.sesame.level3betas.npy,2
e36b08ca-4ff6-4a58-8bef-895d5cd5de2a.methylation_array.sesame.level3betas.npy,2
e3976274-ad65-4d85-bf5c-9c10f2502748.methylation_array.sesame.level3betas.npy,2
e3f45108-a8dd-46f6-98e2-96b4ec32e068.methylation_array.sesame.level3betas.npy,2
e474ace8-7f0e-40b4-a16e-a5d83db04ede.methylation_array.sesame.level3betas.npy,2
e580e005-1c19-4d84-9dff-d846ddbcf9c0.methylation_array.sesame.level3betas.npy,2
e5c824cc-ac0b-4e73-af23-a950c37fce72.methylation_array.sesame.level3betas.npy,2
e696038d-8f02-4666-9d27-708ff350679c.methylation_array.sesame.level3betas.npy,2
e6a58507-ad1b-4abc-922e-d99fb3d1c9d1.methylation_array.sesame.level3betas.npy,2
e6b06a0d-f366-4e52-b1dc-609e5501e3dc.methylation_array.sesame.level3betas.npy,2
e6ffcbe1-5c78-46ad-b780-26ef0dd08ce0.methylation_array.sesame.level3betas.npy,2
e728221a-ea64-4a99-b593-5804ff8059dc.methylation_array.sesame.level3betas.npy,2
e77b2e3d-10a9-4c62-8e20-dd14155db537.methylation_array.sesame.level3betas.npy,2
e77e6422-aa1f-45ba-aebf-4f65356f9293.methylation_array.sesame.level3betas.npy,2
e79f2c0f-6f11-45c4-9357-851eddb4c4bd.methylation_array.sesame.level3betas.npy,2
e7b27151-1a74-4e12-9b4a-a10bc9a423f9.methylation_array.sesame.level3betas.npy,2
e8567faf-bf48-46ad-844d-f853947849c3.methylation_array.sesame.level3betas.npy,2
e85c3c34-e9d3-49ae-968f-8014c0954999.methylation_array.sesame.level3betas.npy,2
e98fada2-f786-420a-a47b-949c92f555ff.methylation_array.sesame.level3betas.npy,2
e99069ae-886c-466c-9f33-81c44d4d7fe6.methylation_array.sesame.level3betas.npy,2
ea3109bc-986b-4934-b500-5bfc0cbedd59.methylation_array.sesame.level3betas.npy,2
ea780828-be63-4e9d-bf10-2d15f00b67be.methylation_array.sesame.level3betas.npy,2
eb2b743b-8955-4844-93ec-174023405fd9.methylation_array.sesame.level3betas.npy,2
eb72c678-9e62-44a9-a65a-6580d2e252af.methylation_array.sesame.level3betas.npy,2
ebb23ef5-34a4-4e12-b287-4c6c527a056a.methylation_array.sesame.level3betas.npy,2
ebc5bac6-b35f-49d1-bd1d-ba93b4719591.methylation_array.sesame.level3betas.npy,2
ec20df28-e674-455c-b4d8-ecfdaef386a2.methylation_array.sesame.level3betas.npy,2
ec9373ba-1d2a-43af-996c-720f7018c090.methylation_array.sesame.level3betas.npy,2
ecffe039-e3ed-4edc-9894-b2fd92f0e7f7.methylation_array.sesame.level3betas.npy,2
ee29b234-64c0-4eea-b647-118d3af0caa9.methylation_array.sesame.level3betas.npy,2
eef01af5-6fc7-4939-a089-67956d2aff66.methylation_array.sesame.level3betas.npy,2
ef819db9-f279-47f0-a0ac-e62367f4b6cf.methylation_array.sesame.level3betas.npy,2
efcfd54c-9338-4145-b1d5-c489645e7c09.methylation_array.sesame.level3betas.npy,2
f0df2e49-c32c-4913-88b1-326b6997441a.methylation_array.sesame.level3betas.npy,2
f11b3e24-e32a-4b96-9b22-8dc42fde0357.methylation_array.sesame.level3betas.npy,2
f1247cd8-eaf5-496d-8a00-ca9aeb57c150.methylation_array.sesame.level3betas.npy,2
f219a252-79ea-42a2-b461-ee702394d6aa.methylation_array.sesame.level3betas.npy,2
f28a72c4-2d16-40a7-86c2-3dc8702397ef.methylation_array.sesame.level3betas.npy,2
f35792f0-2500-4f79-9fd2-33c5976e580c.methylation_array.sesame.level3betas.npy,2
f53f1f32-fc90-47b5-afaf-a743fae079ba.methylation_array.sesame.level3betas.npy,2
f572354a-f9ae-4393-bc0a-8026dc6e091f.methylation_array.sesame.level3betas.npy,2
f57911ab-8aa4-4bb6-a188-c22951daddd9.methylation_array.sesame.level3betas.npy,2
f585e1b1-8a68-412b-82ef-58908ab26fbf.methylation_array.sesame.level3betas.npy,2
f66b45c5-9936-4f52-b49a-a8dc0aacf70a.methylation_array.sesame.level3betas.npy,2
f6972968-ab82-4f41-a5d5-7bf0e7d22ec3.methylation_array.sesame.level3betas.npy,2
f6d51c8d-168c-4d21-97a5-92722a2a1a16.methylation_array.sesame.level3betas.npy,2
f7370ad6-3a95-4da3-ae6b-aacb7dd50e4c.methylation_array.sesame.level3betas.npy,2
f7bb5f99-e47d-45bc-b263-c683231e92a5.methylation_array.sesame.level3betas.npy,2
f8643ba8-906c-4ea2-808d-647db1215096.methylation_array.sesame.level3betas.npy,2
f8d6bcd5-a259-4407-99e1-e4dbe36e68ef.methylation_array.sesame.level3betas.npy,2
f8e5c6e1-df06-43e9-91ab-4fa53f34c584.methylation_array.sesame.level3betas.npy,2
f91343bd-eac8-498f-9637-119ebb8941d9.methylation_array.sesame.level3betas.npy,2
f97c8391-db46-436c-b59e-3be7bdd48ef3.methylation_array.sesame.level3betas.npy,2
f9d5cac7-ad40-459e-9937-7e165200abb8.methylation_array.sesame.level3betas.npy,2
fa4a7ae6-ed38-489c-97be-2047fd8e8994.methylation_array.sesame.level3betas.npy,2
fa787d21-0c93-4823-aa4c-45a94a020b0b.methylation_array.sesame.level3betas.npy,2
fad66b6b-7210-40d8-a599-d378d1561e64.methylation_array.sesame.level3betas.npy,2
fb033fd0-e197-450d-b5f0-40ff8fffe4eb.methylation_array.sesame.level3betas.npy,2
fc0a6d97-6e8d-401a-83e7-6d1b03c1894e.methylation_array.sesame.level3betas.npy,2
fca2293c-6705-4760-bce3-d9ab015c8215.methylation_array.sesame.level3betas.npy,2
fcb39918-fe5c-4e37-81e9-4d69b3fa8f38.methylation_array.sesame.level3betas.npy,2
fcd4fe75-5e03-4f76-91a1-c9c78c02cdc4.methylation_array.sesame.level3betas.npy,2
fd246467-a054-45f8-b8bc-c7b7c6811a9a.methylation_array.sesame.level3betas.npy,2
fdba9785-fed7-4baa-a0c5-5eb2fcf54cc8.methylation_array.sesame.level3betas.npy,2
fde169b3-a7c9-444d-92f8-918be0ffbd20.methylation_array.sesame.level3betas.npy,2
fe967b66-e9eb-42e8-8ecc-8b0be7c60e2c.methylation_array.sesame.level3betas.npy,2
fefcaee1-26d3-472f-9b3d-be67e93c539a.methylation_array.sesame.level3betas.npy,2
ff93a0f6-ffcb-46c2-99a9-e6cb7e44c635.methylation_array.sesame.level3betas.npy,2
ffb73759-5463-40a6-837b-eac7dd76a991.methylation_array.sesame.level3betas.npy,2
ffb9aa0c-4f7b-42c6-9a0d-a46607d4d515.methylation_array.sesame.level3betas.npy,2
ffdefd8e-53a8-4e7a-aed8-842b5699e62b.methylation_array.sesame.level3betas.npy,2
DMG_synthetic_0000.npy,3
DMG_synthetic_0001.npy,3
DMG_synthetic_0002.npy,3
DMG_synthetic_0003.npy,3
DMG_synthetic_0004.npy,3
DMG_synthetic_0005.npy,3
DMG_synthetic_0006.npy,3
DMG_synthetic_0007.npy,3
DMG_synthetic_0008.npy,3
DMG_synthetic_0009.npy,3
DMG_synthetic_0010.npy,3
DMG_synthetic_0011.npy,3
DMG_synthetic_0012.npy,3
DMG_synthetic_0013.npy,3
DMG_synthetic_0014.npy,3
DMG_synthetic_0015.npy,3
DMG_synthetic_0016.npy,3
DMG_synthetic_0017.npy,3
DMG_synthetic_0018.npy,3
DMG_synthetic_0019.npy,3
DMG_synthetic_0020.npy,3
DMG_synthetic_0021.npy,3
DMG_synthetic_0022.npy,3
DMG_synthetic_0023.npy,3
DMG_synthetic_0024.npy,3
DMG_synthetic_0025.npy,3
DMG_synthetic_0026.npy,3
DMG_synthetic_0027.npy,3
DMG_synthetic_0028.npy,3
DMG_synthetic_0029.npy,3
DMG_synthetic_0030.npy,3
DMG_synthetic_0031.npy,3
DMG_synthetic_0032.npy,3
DMG_synthetic_0033.npy,3
DMG_synthetic_0034.npy,3
DMG_synthetic_0035.npy,3
DMG_synthetic_0036.npy,3
DMG_synthetic_0037.npy,3
DMG_synthetic_0038.npy,3
DMG_synthetic_0039.npy,3
DMG_synthetic_0040.npy,3
DMG_synthetic_0041.npy,3
DMG_synthetic_0042.npy,3
DMG_synthetic_0043.npy,3
DMG_synthetic_0044.npy,3
DMG_synthetic_0045.npy,3
DMG_synthetic_0046.npy,3
DMG_synthetic_0047.npy,3
DMG_synthetic_0048.npy,3
DMG_synthetic_0049.npy,3
DMG_synthetic_0050.npy,3
DMG_synthetic_0051.npy,3
DMG_synthetic_0052.npy,3
DMG_synthetic_0053.npy,3
DMG_synthetic_0054.npy,3
DMG_synthetic_0055.npy,3
DMG_synthetic_0056.npy,3
DMG_synthetic_0057.npy,3
DMG_synthetic_0058.npy,3
DMG_synthetic_0059.npy,3
DMG_synthetic_0060.npy,3
DMG_synthetic_0061.npy,3
DMG_synthetic_0062.npy,3
DMG_synthetic_0063.npy,3
DMG_synthetic_0064.npy,3
DMG_synthetic_0065.npy,3
DMG_synthetic_0066.npy,3
DMG_synthetic_0067.npy,3
DMG_synthetic_0068.npy,3
DMG_synthetic_0069.npy,3
DMG_synthetic_0070.npy,3
DMG_synthetic_0071.npy,3
DMG_synthetic_0072.npy,3
DMG_synthetic_0073.npy,3
DMG_synthetic_0074.npy,3
DMG_synthetic_0075.npy,3
DMG_synthetic_0076.npy,3
DMG_synthetic_0077.npy,3
DMG_synthetic_0078.npy,3
DMG_synthetic_0079.npy,3
DMG_synthetic_0080.npy,3
DMG_synthetic_0081.npy,3
DMG_synthetic_0082.npy,3
DMG_synthetic_0083.npy,3
DMG_synthetic_0084.npy,3
DMG_synthetic_0085.npy,3
DMG_synthetic_0086.npy,3
DMG_synthetic_0087.npy,3
DMG_synthetic_0088.npy,3
DMG_synthetic_0089.npy,3
DMG_synthetic_0090.npy,3
DMG_synthetic_0091.npy,3
DMG_synthetic_0092.npy,3
DMG_synthetic_0093.npy,3
DMG_synthetic_0094.npy,3
DMG_synthetic_0095.npy,3
DMG_synthetic_0096.npy,3
DMG_synthetic_0097.npy,3
DMG_synthetic_0098.npy,3
DMG_synthetic_0099.npy,3
DMG_synthetic_0100.npy,3
DMG_synthetic_0101.npy,3
DMG_synthetic_0102.npy,3
DMG_synthetic_0103.npy,3
DMG_synthetic_0104.npy,3
DMG_synthetic_0105.npy,3
DMG_synthetic_0106.npy,3
DMG_synthetic_0107.npy,3
DMG_synthetic_0108.npy,3
DMG_synthetic_0109.npy,3
DMG_synthetic_0110.npy,3
DMG_synthetic_0111.npy,3
DMG_synthetic_0112.npy,3
DMG_synthetic_0113.npy,3
DMG_synthetic_0114.npy,3
DMG_synthetic_0115.npy,3
DMG_synthetic_0116.npy,3
DMG_synthetic_0117.npy,3
DMG_synthetic_0118.npy,3
DMG_synthetic_0119.npy,3
DMG_synthetic_0120.npy,3
DMG_synthetic_0121.npy,3
DMG_synthetic_0122.npy,3
DMG_synthetic_0123.npy,3
DMG_synthetic_0124.npy,3
DMG_synthetic_0125.npy,3
DMG_synthetic_0126.npy,3
DMG_synthetic_0127.npy,3
DMG_synthetic_0128.npy,3
DMG_synthetic_0129.npy,3
DMG_synthetic_0130.npy,3
DMG_synthetic_0131.npy,3
DMG_synthetic_0132.npy,3
DMG_synthetic_0133.npy,3
DMG_synthetic_0134.npy,3
DMG_synthetic_0135.npy,3
DMG_synthetic_0136.npy,3
DMG_synthetic_0137.npy,3
DMG_synthetic_0138.npy,3
DMG_synthetic_0139.npy,3
DMG_synthetic_0140.npy,3
DMG_synthetic_0141.npy,3
DMG_synthetic_0142.npy,3
DMG_synthetic_0143.npy,3
DMG_synthetic_0144.npy,3
DMG_synthetic_0145.npy,3
DMG_synthetic_0146.npy,3
DMG_synthetic_0147.npy,3
DMG_synthetic_0148.npy,3
DMG_synthetic_0149.npy,3
DMG_synthetic_0150.npy,3
DMG_synthetic_0151.npy,3
DMG_synthetic_0152.npy,3
DMG_synthetic_0153.npy,3
DMG_synthetic_0154.npy,3
DMG_synthetic_0155.npy,3
DMG_synthetic_0156.npy,3
DMG_synthetic_0157.npy,3
DMG_synthetic_0158.npy,3
DMG_synthetic_0159.npy,3
DMG_synthetic_0160.npy,3
DMG_synthetic_0161.npy,3
DMG_synthetic_0162.npy,3
DMG_synthetic_0163.npy,3
DMG_synthetic_0164.npy,3
DMG_synthetic_0165.npy,3
DMG_synthetic_0166.npy,3
DMG_synthetic_0167.npy,3
DMG_synthetic_0168.npy,3
DMG_synthetic_0169.npy,3
DMG_synthetic_0170.npy,3
DMG_synthetic_0171.npy,3
DMG_synthetic_0172.npy,3
DMG_synthetic_0173.npy,3
DMG_synthetic_0174.npy,3
DMG_synthetic_0175.npy,3
DMG_synthetic_0176.npy,3
DMG_synthetic_0177.npy,3
DMG_synthetic_0178.npy,3
DMG_synthetic_0179.npy,3
DMG_synthetic_0180.npy,3
DMG_synthetic_0181.npy,3
DMG_synthetic_0182.npy,3
DMG_synthetic_0183.npy,3
DMG_synthetic_0184.npy,3
DMG_synthetic_0185.npy,3
DMG_synthetic_0186.npy,3
DMG_synthetic_0187.npy,3
DMG_synthetic_0188.npy,3
DMG_synthetic_0189.npy,3
DMG_synthetic_0190.npy,3
DMG_synthetic_0191.npy,3
DMG_synthetic_0192.npy,3
DMG_synthetic_0193.npy,3
DMG_synthetic_0194.npy,3
DMG_synthetic_0195.npy,3
DMG_synthetic_0196.npy,3
DMG_synthetic_0197.npy,3
DMG_synthetic_0198.npy,3
DMG_synthetic_0199.npy,3
